time,pair_id,phase,cmd_px,cmd_py,cmd_pz,ndi_px,ndi_py,ndi_pz,ndi_ox,ndi_oy,ndi_oz,ndi_ow,fx,fy,fz,joint_0,joint_1,joint_2,joint_3,joint_4
1773939360.974399,0,wp1,-0.009,-0.006,0.015,57.815826416015625,-28.339624404907227,-207.0426483154297,-0.34383049607276917,0.60463947057724,0.0,0.7184648513793945,0.731788,-7.551158,4.806673,0.0,5.3003915839322575,0.009800827716879741,0.009799827872852223,0.0
1773939360.9993358,0,wp1,-0.009,-0.006,0.015,57.7214241027832,-28.222763061523438,-206.6377410888672,-0.34420064091682434,0.6043922305107117,0.0,0.7184956669807434,0.737772,-7.542138,4.801704,0.0,5.3003915839322575,0.009800827716879741,0.009799827872852223,0.0
1773939361.0244339,0,wp1,-0.009,-0.006,0.015,57.930564880371094,-28.60107421875,-207.251220703125,-0.34399980306625366,0.6043109893798828,0.0,0.7186600565910339,0.733655,-7.547708999999999,4.799034,0.0,5.3003915839322575,0.009800827716879741,0.009799827872852223,0.0
1773939361.0495794,0,wp1,-0.009,-0.006,0.015,58.052005767822266,-28.830808639526367,-207.37413024902344,-0.34401410818099976,0.6041212677955627,0.0,0.7188128232955933,0.741493,-7.532251,4.808936999999999,0.0,5.3003915839322575,0.009800827716879741,0.009799827872852223,0.0
1773939361.0745456,0,wp1,-0.009,-0.006,0.015,57.79092025756836,-28.393659591674805,-206.94906616210938,-0.3441532552242279,0.604309618473053,0.0,0.7185878157615662,0.738027,-7.548346,4.801787,0.0,5.3003915839322575,0.009800827716879741,0.009799827872852223,0.0
1773939361.099244,0,wp1,-0.009,-0.006,0.015,58.08872604370117,-28.835453033447266,-207.5362548828125,-0.3439548909664154,0.6040756106376648,0.0,0.7188794612884521,0.740715,-7.541919,4.802705,0.0,5.3003915839322575,0.009800827716879741,0.009799827872852223,0.0
1773939361.124468,0,wp1,-0.009,-0.006,0.015,57.8330192565918,-28.429344177246094,-206.8958282470703,-0.3444911539554596,0.6040404438972473,0.0,0.7186522483825684,0.736686,-7.548963,4.800923,0.0,5.3003915839322575,0.009800827716879741,0.009799827872852223,0.0
1773939361.1493664,0,wp1,-0.009,-0.006,0.015,58.00642395019531,-28.690975189208984,-207.31332397460938,-0.34428778290748596,0.6040332913398743,0.0,0.7187556624412537,0.739092,-7.542942999999999,4.804478,0.0,5.3003915839322575,0.009800827716879741,0.009799827872852223,0.0
1773939361.1742866,0,wp1,-0.009,-0.006,0.015,57.963504791259766,-28.52501106262207,-206.86195373535156,-0.3445243537425995,0.6036118865013123,0.0,0.7189962267875671,0.737883,-7.548216,4.801825,0.0,5.3003915839322575,0.009800827716879741,0.009799827872852223,0.0
1773939361.199573,0,wp1,-0.009,-0.006,0.015,57.597286224365234,-27.952499389648438,-205.9463348388672,-0.34499451518058777,0.6037034392356873,0.0,0.7186939120292664,0.73769,-7.546633,4.8073049999999995,0.0,5.3003915839322575,0.009800827716879741,0.009799827872852223,0.0
1773939361.2242653,0,wp1,-0.009,-0.006,0.015,57.82365417480469,-28.343666076660156,-206.21131896972656,-0.3449030816555023,0.6034573912620544,0.0,0.7189444303512573,0.73658,-7.544452,4.80183,0.0,5.3003915839322575,0.009800827716879741,0.009799827872852223,0.0
1773939361.249149,0,wp1,-0.009,-0.006,0.015,57.993560791015625,-28.626731872558594,-206.7880401611328,-0.34453049302101135,0.6036008596420288,0.0,0.7190026044845581,0.7312379999999999,-7.560162999999999,4.801768,0.0,5.3003915839322575,0.009800827716879741,0.009799827872852223,0.0
1773939361.2744548,0,wp1,-0.009,-0.006,0.015,57.87916564941406,-28.49992561340332,-206.4125518798828,-0.3446442186832428,0.6037454605102539,0.0,0.7188266515731812,0.739269,-7.549225,4.799983,0.0,5.3003915839322575,0.009800827716879741,0.009799827872852223,0.0
1773939361.299445,0,wp1,-0.009,-0.006,0.015,57.76845169067383,-28.391292572021484,-206.109619140625,-0.3447315990924835,0.6037788987159729,0.0,0.7187567353248596,0.739254,-7.5442,4.804631,0.0,5.3003915839322575,0.009800827716879741,0.009799827872852223,0.0
1773939361.324369,0,wp1,-0.009,-0.006,0.015,58.030517578125,-28.804290771484375,-206.8468780517578,-0.3444008231163025,0.6038193106651306,0.0,0.718881368637085,0.737493,-7.545138,4.808148,0.0,5.3003915839322575,0.009800827716879741,0.009799827872852223,0.0
1773939361.349571,0,wp1,-0.009,-0.006,0.015,57.877113342285156,-28.66391944885254,-206.7830047607422,-0.34448498487472534,0.604095995426178,0.0,0.7186084985733032,0.7379129999999999,-7.5451749999999995,4.801755,0.0,5.3003915839322575,0.009800827716879741,0.009799827872852223,0.0
1773939361.3743079,0,wp1,-0.009,-0.006,0.015,57.928863525390625,-28.701650619506836,-206.7927703857422,-0.3441523611545563,0.6041213274002075,0.0,0.718746542930603,0.730937,-7.547746999999999,4.8054239999999995,0.0,5.3003915839322575,0.009800827716879741,0.009799827872852223,0.0
1773939361.399445,0,wp1,-0.009,-0.006,0.015,58.02607345581055,-28.918481826782227,-206.95486450195312,-0.3440203368663788,0.6040381193161011,0.0,0.718879759311676,0.7392799999999999,-7.545927,4.8044839999999995,0.0,5.3003915839322575,0.009800827716879741,0.009799827872852223,0.0
1773939361.424246,0,wp1,-0.009,-0.006,0.015,58.313323974609375,-29.496915817260742,-207.63507080078125,-0.34368735551834106,0.6040852069854736,0.0,0.7189992666244507,0.737962,-7.546766,4.801867,0.0,5.3003915839322575,0.009800827716879741,0.009799827872852223,0.0
1773939361.449394,0,wp1,-0.009,-0.006,0.015,59.08388900756836,-30.930564880371094,-209.76202392578125,-0.3427670896053314,0.604198694229126,0.0,0.7193431854248047,0.737861,-7.549776,4.7972779999999995,0.0,5.3003915839322575,0.009800827716879741,0.009799827872852223,0.0
1773939361.4743454,0,wp1,-0.009,-0.006,0.015,59.092262268066406,-30.912277221679688,-209.75428771972656,-0.342694491147995,0.6041552424430847,0.0,0.7194143533706665,0.7338009999999999,-7.5428429999999995,4.805401,0.0,5.3003915839322575,0.009800827716879741,0.009799827872852223,0.0
1773939361.4991856,0,wp1,-0.009,-0.006,0.015,59.2792854309082,-31.31939697265625,-210.22740173339844,-0.3426564037799835,0.6040346622467041,0.0,0.7195336818695068,0.7337159999999999,-7.544448,4.803618999999999,0.0,5.3003915839322575,0.009800827716879741,0.009799827872852223,0.0
1773939361.5243263,0,wp1,-0.009,-0.006,0.015,59.54269790649414,-31.822603225708008,-210.85699462890625,-0.3423910140991211,0.6039443612098694,0.0,0.719735860824585,0.736529,-7.5461149999999995,4.803561,0.0,5.3003915839322575,0.009800827716879741,0.009799827872852223,0.0
1773939361.5493317,0,wp1,-0.009,-0.006,0.015,59.58238983154297,-31.906429290771484,-211.27102661132812,-0.3423500955104828,0.6040990948677063,0.0,0.7196254134178162,0.7379629999999999,-7.5452129999999995,4.801839,0.0,5.3003915839322575,0.009800827716879741,0.009799827872852223,0.0
1773939361.5742996,0,wp1,-0.009,-0.006,0.015,59.66563034057617,-32.10282897949219,-211.49819946289062,-0.3422338366508484,0.6041249632835388,0.0,0.7196589112281799,0.734951,-7.55124,4.805598,0.0,5.3003915839322575,0.009800827716879741,0.009799827872852223,0.0
1773939361.5992024,0,wp1,-0.009,-0.006,0.015,59.41716766357422,-31.55811882019043,-210.60610961914062,-0.3425537645816803,0.6039428114891052,0.0,0.7196596264839172,0.74061,-7.546708,4.799062999999999,0.0,5.3003915839322575,0.009800827716879741,0.009799827872852223,0.0
1773939361.624441,0,wp1,-0.009,-0.006,0.015,59.50438690185547,-31.695415496826172,-211.0124053955078,-0.3424423635005951,0.6039953231811523,0.0,0.7196685671806335,0.7378859999999999,-7.548464,4.799974,0.0,5.3003915839322575,0.009800827716879741,0.009799827872852223,0.0
1773939361.6491191,0,wp1,-0.009,-0.006,0.015,59.486610412597656,-31.653690338134766,-211.12461853027344,-0.3424800932407379,0.6041005849838257,0.0,0.719562292098999,0.7391519999999999,-7.545954,4.803589,0.0,5.3003915839322575,0.009800827716879741,0.009799827872852223,0.0
1773939361.674237,0,wp1,-0.009,-0.006,0.015,59.799015045166016,-32.28392028808594,-212.01132202148438,-0.342062383890152,0.6042561531066895,0.0,0.7196304202079773,0.74339,-7.546784,4.799939999999999,0.0,5.3003915839322575,0.009800827716879741,0.009799827872852223,0.0
1773939361.700375,0,wp1,-0.009,-0.006,0.015,59.602622985839844,-31.88921356201172,-211.46986389160156,-0.3419624865055084,0.6043753027915955,0.0,0.7195777297019958,0.737831,-7.550007,4.800867,0.0,5.3003915839322575,0.009800827716879741,0.009799827872852223,0.0
1773939361.7243602,0,wp1,-0.009,-0.006,0.015,59.30573272705078,-31.400981903076172,-210.9402618408203,-0.3421662449836731,0.6046592593193054,0.0,0.7192422151565552,0.736587,-7.544337,4.805517,0.0,5.3003915839322575,0.009800827716879741,0.009799827872852223,0.0
1773939361.749261,0,wp1,-0.009,-0.006,0.015,59.02580261230469,-30.928367614746094,-210.11642456054688,-0.34258291125297546,0.6045926213264465,0.0,0.7190998792648315,0.736514,-7.545958,4.804494,0.0,5.3003915839322575,0.009800827716879741,0.009799827872852223,0.0
1773939361.7738907,0,wp1,-0.009,-0.006,0.015,58.13656997680664,-29.177873611450195,-207.71450805664062,-0.3435632586479187,0.6045228838920593,0.0,0.7186908721923828,0.7337049999999999,-7.546015,4.803599,0.0,5.3003915839322575,0.009800827716879741,0.009799827872852223,0.0
1773939361.799204,0,wp1,-0.009,-0.006,0.015,58.06611633300781,-29.136390686035156,-207.66671752929688,-0.34359610080718994,0.6046154499053955,0.0,0.7185971140861511,0.736431,-7.54606,4.800865,0.0,5.3003915839322575,0.009800827716879741,0.009799827872852223,0.0
1773939361.8251195,0,wp1,-0.009,-0.006,0.015,58.023826599121094,-29.058462142944336,-207.3599090576172,-0.34391525387763977,0.6044468879699707,0.0,0.7185863256454468,0.735159,-7.543659,4.806261999999999,0.0,5.3003915839322575,0.009800827716879741,0.009799827872852223,0.0
1773939361.8492243,0,wp1,-0.009,-0.006,0.015,57.9835205078125,-28.985931396484375,-207.14418029785156,-0.34396716952323914,0.604439914226532,0.0,0.7185673117637634,0.73637,-7.54758,4.804527,0.0,5.3003915839322575,0.009800827716879741,0.009799827872852223,0.0
1773939361.8751535,0,wp1,-0.009,-0.006,0.015,57.64107131958008,-28.351316452026367,-205.7507781982422,-0.34456926584243774,0.6040696501731873,0.0,0.7185901999473572,0.736514,-7.545958,4.804494,0.0,5.3003915839322575,0.009800827716879741,0.009799827872852223,0.0
1773939361.900038,0,wp1,-0.009,-0.006,0.015,57.60104751586914,-28.207157135009766,-205.5242156982422,-0.34460681676864624,0.6039400100708008,0.0,0.7186812162399292,0.733792,-7.546063999999999,4.801769,0.0,5.3003915839322575,0.009800827716879741,0.009799827872852223,0.0
1773939361.9251263,0,wp1,-0.009,-0.006,0.015,57.55143356323242,-28.093883514404297,-205.3528289794922,-0.3445163667201996,0.6039197444915771,0.0,0.7187415361404419,0.733834,-7.544435,4.8044649999999995,0.0,5.3003915839322575,0.009800827716879741,0.009799827872852223,0.0
1773939361.9499793,0,wp1,-0.009,-0.006,0.015,57.53606033325195,-28.06424903869629,-205.21275329589844,-0.34498271346092224,0.6036466360092163,0.0,0.7187472581863403,0.7351559999999999,-7.5421629999999995,4.800888,0.0,5.3003915839322575,0.009800827716879741,0.009799827872852223,0.0
1773939361.9750783,0,wp1,-0.009,-0.006,0.015,57.60451889038086,-28.108600616455078,-205.14283752441406,-0.3450581431388855,0.6033705472946167,0.0,0.7189428210258484,0.7420709999999999,-7.544416,4.800905,0.0,5.3003915839322575,0.009800827716879741,0.009799827872852223,0.0
1773939362.0001752,0,wp1,-0.009,-0.006,0.015,57.65400314331055,-28.05866241455078,-205.38333129882812,-0.34487470984458923,0.6034215688705444,0.0,0.7189880609512329,0.737908,-7.541836999999999,4.808267,0.0,5.3003915839322575,0.009800827716879741,0.009799827872852223,0.0
1773939362.0249705,0,wp1,-0.009,-0.006,0.015,58.38341522216797,-29.41663360595703,-207.37574768066406,-0.3440897762775421,0.6035209894180298,0.0,0.7192806601524353,0.735173,-7.548327,4.8036259999999995,0.0,5.3003915839322575,0.009800827716879741,0.009799827872852223,0.0
1773939362.0493484,0,wp1,-0.009,-0.006,0.015,58.062923431396484,-28.703353881835938,-206.5496826171875,-0.34440645575523376,0.6034635305404663,0.0,0.7191773056983948,0.7367079999999999,-7.541268,4.804488,0.0,5.3003915839322575,0.009800827716879741,0.009799827872852223,0.0
1773939362.075165,0,wp1,-0.009,-0.006,0.015,58.2153205871582,-29.014928817749023,-207.1084747314453,-0.34394457936286926,0.6035988330841064,0.0,0.71928471326828,0.7391519999999999,-7.549111,4.801826,0.0,5.3003915839322575,0.009800827716879741,0.009799827872852223,0.0
1773939362.1002264,0,wp1,-0.009,-0.006,0.015,58.620094299316406,-29.81077003479004,-208.4025421142578,-0.34344834089279175,0.6037420034408569,0.0,0.7194017767906189,0.7405889999999999,-7.546726,4.802733,0.0,5.3003915839322575,0.009800827716879741,0.009799827872852223,0.0
1773939362.1251981,0,wp1,-0.009,-0.006,0.015,58.52662658691406,-29.634199142456055,-208.5811309814453,-0.343484103679657,0.604138970375061,0.0,0.7190512418746948,0.737907,-7.546704999999999,4.804552,0.0,5.3003915839322575,0.009800827716879741,0.009799827872852223,0.0
1773939362.1489604,0,wp1,-0.009,-0.006,0.015,58.70575714111328,-30.024044036865234,-209.1084442138672,-0.3432561755180359,0.6041606068611145,0.0,0.7191419005393982,0.738756,-7.5458419999999995,4.804654,0.0,5.3003915839322575,0.009800827716879741,0.009799827872852223,0.0
1773939362.1738968,0,wp1,-0.009,-0.006,0.015,58.15044021606445,-28.891128540039062,-207.62095642089844,-0.3440309762954712,0.6039966940879822,0.0,0.7189093232154846,0.736629,-7.547625999999999,4.8026789999999995,0.0,5.3003915839322575,0.009800827716879741,0.009799827872852223,0.0
1773939362.2000685,0,wp1,-0.009,-0.006,0.015,57.63871765136719,-27.999422073364258,-206.30137634277344,-0.34454527497291565,0.6039811372756958,0.0,0.7186760902404785,0.735132,-7.546799999999999,4.802693,0.0,5.3003915839322575,0.009800827716879741,0.009799827872852223,0.0
1773939362.2250695,0,wp1,-0.009,-0.006,0.015,57.63018035888672,-27.928604125976562,-206.4064178466797,-0.3444269895553589,0.6040588617324829,0.0,0.7186673879623413,0.735088,-7.5467759999999995,4.803608,0.0,5.3003915839322575,0.009800827716879741,0.009799827872852223,0.0
1773939362.2500823,0,wp1,-0.009,-0.006,0.015,57.7086067199707,-28.143573760986328,-206.41941833496094,-0.3443687856197357,0.6040859222412109,0.0,0.7186726927757263,0.739084,-7.5489939999999995,4.801804,0.0,5.3003915839322575,0.009800827716879741,0.009799827872852223,0.0
1773939362.2750247,0,wp1,-0.009,-0.006,0.015,57.39902877807617,-27.60563850402832,-205.71559143066406,-0.344717800617218,0.6040499210357666,0.0,0.7185356020927429,0.733775,-7.546004,4.806309,0.0,5.3003915839322575,0.009800827716879741,0.009799827872852223,0.0
1773939362.2999985,0,wp1,-0.009,-0.006,0.015,57.35300064086914,-27.58797264099121,-205.3816680908203,-0.34494712948799133,0.6039281487464905,0.0,0.7185278534889221,0.7364529999999999,-7.549219,4.799907999999999,0.0,5.3003915839322575,0.009800827716879741,0.009799827872852223,0.0
1773939362.3249261,0,wp1,-0.009,-0.006,0.015,57.12250518798828,-27.195110321044922,-204.75352478027344,-0.34528350830078125,0.6039280295372009,0.0,0.7183663845062256,0.736449,-7.549118,4.803547,0.0,5.3003915839322575,0.009800827716879741,0.009799827872852223,0.0
1773939362.3499851,0,wp1,-0.009,-0.006,0.015,57.328453063964844,-27.538904190063477,-205.30531311035156,-0.34493187069892883,0.6039456725120544,0.0,0.7185204029083252,0.739431,-7.544369,4.80363,0.0,5.3003915839322575,0.009800827716879741,0.009799827872852223,0.0
1773939362.3749635,0,wp1,-0.009,-0.006,0.015,57.41044616699219,-27.769956588745117,-205.4849090576172,-0.34487444162368774,0.6037808656692505,0.0,0.7186865210533142,0.735086,-7.549881999999999,4.8036639999999995,0.0,5.3003915839322575,0.009800827716879741,0.009799827872852223,0.0
1773939362.399891,0,wp1,-0.009,-0.006,0.015,57.49565505981445,-27.929107666015625,-205.85157775878906,-0.3446981906890869,0.6039495468139648,0.0,0.7186293005943298,0.7393759999999999,-7.547465,4.804551,0.0,5.3003915839322575,0.009800827716879741,0.009799827872852223,0.0
1773939362.4250288,0,wp1,-0.009,-0.006,0.015,57.60951614379883,-28.27617645263672,-206.19883728027344,-0.34467360377311707,0.6040185689926147,0.0,0.7185831069946289,0.737757,-7.551449,4.797346999999999,0.0,5.3003915839322575,0.009800827716879741,0.009799827872852223,0.0
1773939362.4500241,0,wp1,-0.009,-0.006,0.015,57.60283279418945,-28.200315475463867,-206.0999298095703,-0.3446634113788605,0.6039741635322571,0.0,0.7186253666877747,0.740621,-7.549869999999999,4.801825,0.0,5.3003915839322575,0.009800827716879741,0.009799827872852223,0.0
1773939362.475081,0,wp1,-0.009,-0.006,0.015,57.62973403930664,-28.32303237915039,-206.25616455078125,-0.34464511275291443,0.6040579676628113,0.0,0.7185636758804321,0.7317049999999999,-7.558059,4.8018209999999995,0.0,5.3003915839322575,0.009800827716879741,0.009799827872852223,0.0
1773939362.499933,0,wp1,-0.009,-0.006,0.015,57.62446594238281,-28.324993133544922,-206.58926391601562,-0.3445764183998108,0.6042073965072632,0.0,0.7184708714485168,0.737794,-7.545316,4.79822,0.0,5.3003915839322575,0.009800827716879741,0.009799827872852223,0.0
1773939362.5248516,0,wp1,-0.009,-0.006,0.015,57.848731994628906,-28.696504592895508,-207.22525024414062,-0.34422725439071655,0.6042874455451965,0.0,0.7185709476470947,0.7317279999999999,-7.5453269999999995,4.802836999999999,0.0,5.3003915839322575,0.009800827716879741,0.009799827872852223,0.0
1773939362.550105,0,wp1,-0.009,-0.006,0.015,58.106197357177734,-29.135692596435547,-207.86341857910156,-0.3438940942287445,0.6042680144309998,0.0,0.7187467217445374,0.737779,-7.5467319999999996,4.803656999999999,0.0,5.3003915839322575,0.009800827716879741,0.009799827872852223,0.0
1773939362.575076,0,wp1,-0.009,-0.006,0.015,58.300323486328125,-29.42607879638672,-208.31190490722656,-0.3436850905418396,0.604252815246582,0.0,0.7188596129417419,0.7436969999999999,-7.5419089999999995,4.801762,0.0,5.3003915839322575,0.009800827716879741,0.009799827872852223,0.0
1773939362.6000137,0,wp1,-0.009,-0.006,0.015,58.191184997558594,-29.222562789916992,-208.0126495361328,-0.34400856494903564,0.6042117476463318,0.0,0.7187393307685852,0.735142,-7.543629999999999,4.804505,0.0,5.3003915839322575,0.009800827716879741,0.009799827872852223,0.0
1773939362.6250145,0,wp1,-0.009,-0.006,0.015,58.28129196166992,-29.371498107910156,-208.0725555419922,-0.3438519835472107,0.6042619347572327,0.0,0.7187721133232117,0.7337199999999999,-7.544569,4.804457,0.0,5.3003915839322575,0.009800827716879741,0.009799827872852223,0.0
1773939362.6500897,0,wp1,-0.009,-0.006,0.015,58.204673767089844,-29.244384765625,-207.89341735839844,-0.3438335359096527,0.6043756008148193,0.0,0.7186853289604187,0.737696,-7.546834,4.800028,0.0,5.3003915839322575,0.009800827716879741,0.009799827872852223,0.0
1773939362.6750207,0,wp1,-0.009,-0.006,0.015,58.327701568603516,-29.446596145629883,-208.16551208496094,-0.34358733892440796,0.604412853717804,0.0,0.718771755695343,0.740093,-7.539148,4.8081819999999995,0.0,5.3003915839322575,0.009800827716879741,0.009799827872852223,0.0
1773939362.6999586,0,wp1,-0.009,-0.006,0.015,58.444393157958984,-29.646310806274414,-208.42825317382812,-0.3433697819709778,0.6045370697975159,0.0,0.7187712788581848,0.7322759999999999,-7.5467319999999996,4.806350999999999,0.0,5.3003915839322575,0.009800827716879741,0.009799827872852223,0.0
1773939362.7250905,0,wp1,-0.009,-0.006,0.015,58.34602355957031,-29.447656631469727,-208.22377014160156,-0.3434007167816162,0.6046420335769653,0.0,0.7186681628227234,0.737683,-7.545195,4.803589,0.0,5.3003915839322575,0.009800827716879741,0.009799827872852223,0.0
1773939362.7499406,0,wp1,-0.009,-0.006,0.015,58.03806686401367,-28.9029483795166,-207.16720581054688,-0.34376081824302673,0.6045830845832825,0.0,0.7185456156730652,0.7377579999999999,-7.551489999999999,4.806299999999999,0.0,5.3003915839322575,0.009800827716879741,0.009799827872852223,0.0
1773939362.7749593,0,wp1,-0.009,-0.006,0.015,57.93134307861328,-28.738779067993164,-206.72325134277344,-0.344099223613739,0.6044108271598816,0.0,0.7185285091400146,0.729221,-7.548381999999999,4.803743,0.0,5.3003915839322575,0.009800827716879741,0.009799827872852223,0.0
1773939362.8000221,0,wp1,-0.009,-0.006,0.015,57.76005935668945,-28.395771026611328,-206.2061767578125,-0.34429970383644104,0.6043676137924194,0.0,0.7184688448905945,0.739251,-7.547593,4.800018,0.0,5.3003915839322575,0.009800827716879741,0.009799827872852223,0.0
1773939362.8251002,0,wp1,-0.009,-0.006,0.015,57.63113784790039,-28.17083740234375,-205.7353057861328,-0.34450075030326843,0.6042302846908569,0.0,0.7184879779815674,0.736559,-7.5460329999999995,4.80176,0.0,5.3003915839322575,0.009800827716879741,0.009799827872852223,0.0
1773939362.8499236,0,wp1,-0.009,-0.006,0.015,57.524330139160156,-27.997404098510742,-205.3674774169922,-0.3446633815765381,0.6041519641876221,0.0,0.7184758186340332,0.735128,-7.548253,4.80636,0.0,5.3003915839322575,0.009800827716879741,0.009799827872852223,0.0
1773939362.8748298,0,wp1,-0.009,-0.006,0.015,57.140586853027344,-27.320941925048828,-204.36343383789062,-0.3450775444507599,0.6041496396064758,0.0,0.7182790040969849,0.7298469999999999,-7.560534,4.804619,0.0,5.3003915839322575,0.009800827716879741,0.009799827872852223,0.0
1773939362.8999217,0,wp1,-0.009,-0.006,0.015,57.1905403137207,-27.345643997192383,-204.1706085205078,-0.34530922770500183,0.6038303971290588,0.0,0.718436062335968,0.7364299999999999,-7.54132,4.8018909999999995,0.0,5.3003915839322575,0.009800827716879741,0.009799827872852223,0.0
1773939362.9251468,0,wp1,-0.009,-0.006,0.015,56.89569091796875,-26.818418502807617,-203.35421752929688,-0.3457953929901123,0.6036359071731567,0.0,0.7183657288551331,0.7364839999999999,-7.544467,4.80179,0.0,5.3003915839322575,0.009800827716879741,0.009799827872852223,0.0
1773939362.9498253,0,wp1,-0.009,-0.006,0.015,56.506256103515625,-26.169355392456055,-202.2248077392578,-0.34642988443374634,0.6035340428352356,0.0,0.718145489692688,0.737922,-7.5452889999999995,4.799115,0.0,5.3003915839322575,0.009800827716879741,0.009799827872852223,0.0
1773939364.999399,0,wp2,-0.00825,-0.006,0.02,58.23733901977539,-29.15262794494629,-207.2015838623047,-0.3433501720428467,0.6043038964271545,0.0,0.7189767360687256,0.742404,-7.545650999999999,4.803566,0.0,5.341185266800123,0.008893425952882984,0.008892426108855472,0.0
1773939365.0248003,0,wp2,-0.00825,-0.006,0.02,58.00925827026367,-28.75800132751465,-206.56741333007812,-0.3436654210090637,0.6042413115501404,0.0,0.7188786864280701,0.735293,-7.542071999999999,4.8036509999999994,0.0,5.341185266800123,0.008893425952882984,0.008892426108855472,0.0
1773939365.0499237,0,wp2,-0.00825,-0.006,0.02,57.85251998901367,-28.518543243408203,-206.3494873046875,-0.3439091742038727,0.6042636036872864,0.0,0.7187433242797852,0.736197,-7.545979,4.806338,0.0,5.341185266800123,0.008893425952882984,0.008892426108855472,0.0
1773939365.0748007,0,wp2,-0.00825,-0.006,0.02,57.897830963134766,-28.59620475769043,-206.69741821289062,-0.34412628412246704,0.6042420864105225,0.0,0.7186574935913086,0.7323879999999999,-7.5421439999999995,4.8027169999999995,0.0,5.341185266800123,0.008893425952882984,0.008892426108855472,0.0
1773939365.0995598,0,wp2,-0.00825,-0.006,0.02,57.63399887084961,-28.026012420654297,-206.12841796875,-0.34426894783973694,0.6043212413787842,0.0,0.7185226678848267,0.7384259999999999,-7.541582999999999,4.802814,0.0,5.341185266800123,0.008893425952882984,0.008892426108855472,0.0
1773939365.1245222,0,wp2,-0.00825,-0.006,0.02,57.767845153808594,-28.196735382080078,-206.36746215820312,-0.34399232268333435,0.6042702794075012,0.0,0.7186979055404663,0.736567,-7.542812,4.805391,0.0,5.341185266800123,0.008893425952882984,0.008892426108855472,0.0
1773939365.149533,0,wp2,-0.00825,-0.006,0.02,57.79849624633789,-28.378276824951172,-206.6354522705078,-0.34401506185531616,0.6043739318847656,0.0,0.7185998558998108,0.737885,-7.5453079999999995,4.801737,0.0,5.341185266800123,0.008893425952882984,0.008892426108855472,0.0
1773939365.1748214,0,wp2,-0.00825,-0.006,0.02,57.70353317260742,-28.2662296295166,-206.50132751464844,-0.3440466821193695,0.6044874787330627,0.0,0.7184891104698181,0.73522,-7.548273999999999,4.803580999999999,0.0,5.341185266800123,0.008893425952882984,0.008892426108855472,0.0
1773939365.1993804,0,wp2,-0.00825,-0.006,0.02,57.74923324584961,-28.402585983276367,-206.62567138671875,-0.3439330756664276,0.6044603586196899,0.0,0.718566358089447,0.7406159999999999,-7.548324,4.79827,0.0,5.341185266800123,0.008893425952882984,0.008892426108855472,0.0
1773939365.224528,0,wp2,-0.00825,-0.006,0.02,57.79198455810547,-28.43187713623047,-206.9669647216797,-0.34377962350845337,0.6045846343040466,0.0,0.7185353636741638,0.739337,-7.549195,4.798217,0.0,5.341185266800123,0.008893425952882984,0.008892426108855472,0.0
1773939365.2496421,0,wp2,-0.00825,-0.006,0.02,57.97452926635742,-28.8011531829834,-207.58285522460938,-0.34355801343917847,0.6046519875526428,0.0,0.7185846567153931,0.735161,-7.546866,4.8026789999999995,0.0,5.341185266800123,0.008893425952882984,0.008892426108855472,0.0
1773939365.2742896,0,wp2,-0.00825,-0.006,0.02,58.25550842285156,-29.225175857543945,-208.51133728027344,-0.3431647717952728,0.60475093126297,0.0,0.7186893224716187,0.737783,-7.548436,4.798227,0.0,5.341185266800123,0.008893425952882984,0.008892426108855472,0.0
1773939365.2992594,0,wp2,-0.00825,-0.006,0.02,58.2525520324707,-29.111038208007812,-208.333984375,-0.3432270884513855,0.604537844657898,0.0,0.7188387513160706,0.739235,-7.553906,4.795443,0.0,5.341185266800123,0.008893425952882984,0.008892426108855472,0.0
1773939365.3242943,0,wp2,-0.00825,-0.006,0.02,58.029815673828125,-28.668190002441406,-207.54367065429688,-0.34337282180786133,0.6044253706932068,0.0,0.7188636660575867,0.7376999999999999,-7.548559,4.799075,0.0,5.341185266800123,0.008893425952882984,0.008892426108855472,0.0
1773939365.3494022,0,wp2,-0.00825,-0.006,0.02,57.897586822509766,-28.351959228515625,-207.06224060058594,-0.34376856684684753,0.6042242050170898,0.0,0.7188437581062317,0.744765,-7.542742,4.8017959999999995,0.0,5.341185266800123,0.008893425952882984,0.008892426108855472,0.0
1773939365.3743136,0,wp2,-0.00825,-0.006,0.02,58.3784294128418,-29.287353515625,-208.52806091308594,-0.3430912494659424,0.6044037938117981,0.0,0.7190163135528564,0.733202,-7.54611,4.800066999999999,0.0,5.341185266800123,0.008893425952882984,0.008892426108855472,0.0
1773939365.3994024,0,wp2,-0.00825,-0.006,0.02,58.20180892944336,-28.94613265991211,-207.93536376953125,-0.3432905077934265,0.6043601632118225,0.0,0.7189578413963318,0.7336539999999999,-7.541039,4.804571999999999,0.0,5.341185266800123,0.008893425952882984,0.008892426108855472,0.0
1773939365.4246626,0,wp2,-0.00825,-0.006,0.02,57.871089935302734,-28.284137725830078,-206.845458984375,-0.3438415825366974,0.6041227579116821,0.0,0.7188940048217773,0.736595,-7.54441,4.800929,0.0,5.341185266800123,0.008893425952882984,0.008892426108855472,0.0
1773939365.4495597,0,wp2,-0.00825,-0.006,0.02,57.910160064697266,-28.27986717224121,-206.94847106933594,-0.34389927983283997,0.6040250658988953,0.0,0.718948483467102,0.733599,-7.544333,4.8054619999999995,0.0,5.341185266800123,0.008893425952882984,0.008892426108855472,0.0
1773939365.4743812,0,wp2,-0.00825,-0.006,0.02,57.956119537353516,-28.351137161254883,-206.8694610595703,-0.3440001904964447,0.6038550138473511,0.0,0.7190430760383606,0.73376,-7.546046,4.8072099999999995,0.0,5.341185266800123,0.008893425952882984,0.008892426108855472,0.0
1773939365.5000887,0,wp2,-0.00825,-0.006,0.02,57.603614807128906,-27.67341423034668,-205.87002563476562,-0.3442643880844116,0.603914201259613,0.0,0.7188669443130493,0.734063,-7.544216,4.802662,0.0,5.341185266800123,0.008893425952882984,0.008892426108855472,0.0
1773939365.5247228,0,wp2,-0.00825,-0.006,0.02,57.361942291259766,-27.352157592773438,-205.1999053955078,-0.3445966839790344,0.6039682030677795,0.0,0.7186623215675354,0.738053,-7.545153999999999,4.807175,0.0,5.341185266800123,0.008893425952882984,0.008892426108855472,0.0
1773939365.5493631,0,wp2,-0.00825,-0.006,0.02,57.10127639770508,-26.9089412689209,-204.6283721923828,-0.3447417914867401,0.6040478348731995,0.0,0.7185258269309998,0.732201,-7.545166,4.806382,0.0,5.341185266800123,0.008893425952882984,0.008892426108855472,0.0
1773939365.5743413,0,wp2,-0.00825,-0.006,0.02,56.94976043701172,-26.672136306762695,-204.07887268066406,-0.3451482057571411,0.6039020419120789,0.0,0.7184531688690186,0.7378979999999999,-7.543613,4.804447,0.0,5.341185266800123,0.008893425952882984,0.008892426108855472,0.0
1773939365.5993118,0,wp2,-0.00825,-0.006,0.02,57.013031005859375,-26.852685928344727,-204.2903594970703,-0.3450743854045868,0.6039202213287354,0.0,0.718473494052887,0.7350479999999999,-7.548455,4.799092,0.0,5.341185266800123,0.008893425952882984,0.008892426108855472,0.0
1773939365.6245453,0,wp2,-0.00825,-0.006,0.02,56.7669677734375,-26.327362060546875,-203.58432006835938,-0.3455384373664856,0.6037747859954834,0.0,0.718372642993927,0.734831,-7.548382999999999,4.801845999999999,0.0,5.341185266800123,0.008893425952882984,0.008892426108855472,0.0
1773939365.6494267,0,wp2,-0.00825,-0.006,0.02,56.75791931152344,-26.250181198120117,-203.534912109375,-0.3454645276069641,0.6037020683288574,0.0,0.7184692621231079,0.7378859999999999,-7.548464,4.799974,0.0,5.341185266800123,0.008893425952882984,0.008892426108855472,0.0
1773939365.6745715,0,wp2,-0.00825,-0.006,0.02,57.002830505371094,-26.67713737487793,-204.29818725585938,-0.3451671600341797,0.6037202477455139,0.0,0.7185969352722168,0.735104,-7.548515999999999,4.796406999999999,0.0,5.341185266800123,0.008893425952882984,0.008892426108855472,0.0
1773939365.699564,0,wp2,-0.00825,-0.006,0.02,57.40330123901367,-27.447664260864258,-205.6318359375,-0.3446381688117981,0.6039347052574158,0.0,0.718670666217804,0.7320989999999999,-7.554786,4.801842,0.0,5.341185266800123,0.008893425952882984,0.008892426108855472,0.0
1773939365.724435,0,wp2,-0.00825,-0.006,0.02,57.37311553955078,-27.471471786499023,-205.36358642578125,-0.34473690390586853,0.6038801074028015,0.0,0.7186691164970398,0.734544,-7.550072999999999,4.8018849999999995,0.0,5.341185266800123,0.008893425952882984,0.008892426108855472,0.0
1773939365.749703,0,wp2,-0.00825,-0.006,0.02,58.00176239013672,-28.661527633666992,-207.07777404785156,-0.34406331181526184,0.6038448810577393,0.0,0.7190214395523071,0.739297,-7.546135,4.8017319999999994,0.0,5.341185266800123,0.008893425952882984,0.008892426108855472,0.0
1773939365.7747884,0,wp2,-0.00825,-0.006,0.02,57.7828254699707,-28.160709381103516,-206.44683837890625,-0.3444525897502899,0.6036095023155212,0.0,0.7190326452255249,0.743324,-7.541996999999999,4.803602,0.0,5.341185266800123,0.008893425952882984,0.008892426108855472,0.0
1773939365.799431,0,wp2,-0.00825,-0.006,0.02,57.91151428222656,-28.41539764404297,-206.65553283691406,-0.3445623815059662,0.6035711765289307,0.0,0.7190122008323669,0.7378279999999999,-7.545375,4.801733,0.0,5.341185266800123,0.008893425952882984,0.008892426108855472,0.0
1773939365.824437,0,wp2,-0.00825,-0.006,0.02,58.111568450927734,-28.790769577026367,-207.34634399414062,-0.3440745174884796,0.6037719249725342,0.0,0.7190773487091064,0.7428669999999999,-7.537786,4.805343,0.0,5.341185266800123,0.008893425952882984,0.008892426108855472,0.0
1773939365.8494153,0,wp2,-0.00825,-0.006,0.02,58.2169189453125,-29.063480377197266,-207.57632446289062,-0.34391745924949646,0.6038303971290588,0.0,0.7191033363342285,0.737935,-7.548334,4.8007979999999995,0.0,5.341185266800123,0.008893425952882984,0.008892426108855472,0.0
1773939365.8744454,0,wp2,-0.00825,-0.006,0.02,58.35070037841797,-29.41714859008789,-207.84864807128906,-0.3437131941318512,0.6040096282958984,0.0,0.7190504670143127,0.732467,-7.546838999999999,4.799973,0.0,5.341185266800123,0.008893425952882984,0.008892426108855472,0.0
1773939365.89948,0,wp2,-0.00825,-0.006,0.02,58.52199935913086,-29.78378677368164,-208.24203491210938,-0.3435015380382538,0.6041196584701538,0.0,0.7190592288970947,0.7392059999999999,-7.545965,4.802722999999999,0.0,5.341185266800123,0.008893425952882984,0.008892426108855472,0.0
1773939365.924403,0,wp2,-0.00825,-0.006,0.02,58.49452209472656,-29.760305404663086,-208.0544891357422,-0.34370848536491394,0.604008674621582,0.0,0.7190535068511963,0.7399709999999999,-7.540801999999999,4.802726,0.0,5.341185266800123,0.008893425952882984,0.008892426108855472,0.0
1773939365.9492629,0,wp2,-0.00825,-0.006,0.02,58.45546340942383,-29.702064514160156,-207.88372802734375,-0.34377506375312805,0.6040422916412354,0.0,0.7189934849739075,0.739328,-7.547656,4.798139,0.0,5.341185266800123,0.008893425952882984,0.008892426108855472,0.0
1773939365.9745908,0,wp2,-0.00825,-0.006,0.02,58.42383575439453,-29.600740432739258,-207.97911071777344,-0.34372439980506897,0.6040930151939392,0.0,0.7189750671386719,0.735055,-7.545184,4.804543,0.0,5.341185266800123,0.008893425952882984,0.008892426108855472,0.0
1773939365.999193,0,wp2,-0.00825,-0.006,0.02,58.503997802734375,-29.727367401123047,-208.08590698242188,-0.34362754225730896,0.6041544079780579,0.0,0.7189697623252869,0.7364729999999999,-7.5491909999999995,4.800006,0.0,5.341185266800123,0.008893425952882984,0.008892426108855472,0.0
1773939366.0243363,0,wp2,-0.00825,-0.006,0.02,58.52381896972656,-29.838512420654297,-208.11859130859375,-0.34349754452705383,0.604245662689209,0.0,0.7189552187919617,0.721831,-7.554482999999999,4.800966,0.0,5.341185266800123,0.008893425952882984,0.008892426108855472,0.0
1773939366.0493062,0,wp2,-0.00825,-0.006,0.02,58.70805740356445,-30.174142837524414,-208.38320922851562,-0.34347546100616455,0.6039932370185852,0.0,0.7191778421401978,0.7379089999999999,-7.549912,4.800968999999999,0.0,5.341185266800123,0.008893425952882984,0.008892426108855472,0.0
1773939366.0744638,0,wp2,-0.00825,-0.006,0.02,58.7097282409668,-30.115726470947266,-208.50218200683594,-0.34342506527900696,0.6040905117988586,0.0,0.7191202044487,0.734938,-7.543644,4.803669,0.0,5.341185266800123,0.008893425952882984,0.008892426108855472,0.0
1773939366.0993059,0,wp2,-0.00825,-0.006,0.02,58.74898147583008,-30.18595314025879,-208.5965576171875,-0.34341832995414734,0.6040475368499756,0.0,0.7191594839096069,0.735143,-7.546658,4.805431,0.0,5.341185266800123,0.008893425952882984,0.008892426108855472,0.0
1773939366.1242702,0,wp2,-0.00825,-0.006,0.02,58.7556037902832,-30.250057220458984,-208.6162567138672,-0.3433729410171509,0.6039864420890808,0.0,0.7192324995994568,0.728843,-7.550437,4.798254,0.0,5.341185266800123,0.008893425952882984,0.008892426108855472,0.0
1773939366.150252,0,wp2,-0.00825,-0.006,0.02,58.77389144897461,-30.27606201171875,-208.59176635742188,-0.3433539867401123,0.6039278507232666,0.0,0.7192907929420471,0.735047,-7.550008,4.799119999999999,0.0,5.341185266800123,0.008893425952882984,0.008892426108855472,0.0
1773939366.1743925,0,wp2,-0.00825,-0.006,0.02,58.489322662353516,-29.758708953857422,-208.02401733398438,-0.3435821831226349,0.6040939092636108,0.0,0.7190423607826233,0.733445,-7.5459689999999995,4.805447,0.0,5.341185266800123,0.008893425952882984,0.008892426108855472,0.0
1773939366.1993961,0,wp2,-0.00825,-0.006,0.02,58.002357482910156,-28.867389678955078,-206.62973022460938,-0.34422045946121216,0.6039170026779175,0.0,0.718885600566864,0.739333,-7.54749,4.803646,0.0,5.341185266800123,0.008893425952882984,0.008892426108855472,0.0
1773939366.2246735,0,wp2,-0.00825,-0.006,0.02,57.70692443847656,-28.32650375366211,-205.70037841796875,-0.34472647309303284,0.6038050651550293,0.0,0.7187372446060181,0.743026,-7.540883,4.800854,0.0,5.341185266800123,0.008893425952882984,0.008892426108855472,0.0
1773939366.2492464,0,wp2,-0.00825,-0.006,0.02,57.18939971923828,-27.449533462524414,-204.61886596679688,-0.34534990787506104,0.6038128733634949,0.0,0.718431293964386,0.732246,-7.545210999999999,4.809944,0.0,5.341185266800123,0.008893425952882984,0.008892426108855472,0.0
1773939366.274353,0,wp2,-0.00825,-0.006,0.02,57.2998046875,-27.61484146118164,-205.0475616455078,-0.3452785909175873,0.6038389205932617,0.0,0.7184435129165649,0.734412,-7.54526,4.805655,0.0,5.341185266800123,0.008893425952882984,0.008892426108855472,0.0
1773939366.2991881,0,wp2,-0.00825,-0.006,0.02,57.39366149902344,-27.89426612854004,-205.69589233398438,-0.34480077028274536,0.6042338609695435,0.0,0.7183409929275513,0.7351099999999999,-7.543641999999999,4.80365,0.0,5.341185266800123,0.008893425952882984,0.008892426108855472,0.0
1773939366.3244994,0,wp2,-0.00825,-0.006,0.02,57.45866775512695,-28.120141983032227,-205.62059020996094,-0.3448759615421295,0.6041118502616882,0.0,0.7184075713157654,0.746921,-7.5334959999999995,4.802754999999999,0.0,5.341185266800123,0.008893425952882984,0.008892426108855472,0.0
1773939366.3495045,0,wp2,-0.00825,-0.006,0.02,57.56339645385742,-28.29305076599121,-205.87234497070312,-0.3448103964328766,0.6040878295898438,0.0,0.7184592485427856,0.7407819999999999,-7.549861,4.79728,0.0,5.341185266800123,0.008893425952882984,0.008892426108855472,0.0
1773939366.3743138,0,wp2,-0.00825,-0.006,0.02,57.649925231933594,-28.44025230407715,-206.1349334716797,-0.344820111989975,0.6040326356887817,0.0,0.7185009717941284,0.735132,-7.546799999999999,4.802693,0.0,5.341185266800123,0.008893425952882984,0.008892426108855472,0.0
1773939366.4002433,0,wp2,-0.00825,-0.006,0.02,58.56013870239258,-30.115053176879883,-208.91802978515625,-0.343596875667572,0.6043345928192139,0.0,0.7188329696655273,0.7380369999999999,-7.546728,4.803627,0.0,5.341185266800123,0.008893425952882984,0.008892426108855472,0.0
1773939366.4251642,0,wp2,-0.00825,-0.006,0.02,58.88084411621094,-30.790283203125,-209.82177734375,-0.34304752945899963,0.6044992208480835,0.0,0.7189570069313049,0.725939,-7.555091,4.798273,0.0,5.341185266800123,0.008893425952882984,0.008892426108855472,0.0
1773939366.4491127,0,wp2,-0.00825,-0.006,0.02,59.12474822998047,-31.18421173095703,-210.3274383544922,-0.3427545726299286,0.6043992638587952,0.0,0.719180703163147,0.742019,-7.5537469999999995,4.79917,0.0,5.341185266800123,0.008893425952882984,0.008892426108855472,0.0
1773939366.4751205,0,wp2,-0.00825,-0.006,0.02,59.1807975769043,-31.356361389160156,-210.54855346679688,-0.3424462378025055,0.6046068072319031,0.0,0.719153106212616,0.733718,-7.542945,4.801772,0.0,5.341185266800123,0.008893425952882984,0.008892426108855472,0.0
1773939366.5001833,0,wp2,-0.00825,-0.006,0.02,58.82048034667969,-30.670909881591797,-209.29714965820312,-0.3429206907749176,0.6044163703918457,0.0,0.7190870642662048,0.737806,-7.548330999999999,4.799194,0.0,5.341185266800123,0.008893425952882984,0.008892426108855472,0.0
1773939366.5251389,0,wp2,-0.00825,-0.006,0.02,58.644287109375,-30.252464294433594,-208.57896423339844,-0.34309712052345276,0.6043612957000732,0.0,0.7190492153167725,0.728784,-7.559704999999999,4.797339,0.0,5.341185266800123,0.008893425952882984,0.008892426108855472,0.0
1773939366.5502152,0,wp2,-0.00825,-0.006,0.02,58.355735778808594,-29.61859893798828,-207.70895385742188,-0.34341639280319214,0.6042829155921936,0.0,0.7189626693725586,0.73788,-7.5453149999999996,4.79821,0.0,5.341185266800123,0.008893425952882984,0.008892426108855472,0.0
1773939366.5751262,0,wp2,-0.00825,-0.006,0.02,58.40919494628906,-29.64539337158203,-208.1060791015625,-0.3432159125804901,0.6044800281524658,0.0,0.7188926935195923,0.732394,-7.5468969999999995,4.802689,0.0,5.341185266800123,0.008893425952882984,0.008892426108855472,0.0
1773939366.6001728,0,wp2,-0.00825,-0.006,0.02,57.95673751831055,-28.780118942260742,-206.8769073486328,-0.34366369247436523,0.6044787764549255,0.0,0.7186797261238098,0.7350059999999999,-7.545325,4.799951,0.0,5.341185266800123,0.008893425952882984,0.008892426108855472,0.0
1773939366.6251132,0,wp2,-0.00825,-0.006,0.02,57.51906204223633,-27.895708084106445,-205.46768188476562,-0.34424737095832825,0.6042903661727905,0.0,0.7185589671134949,0.7482179999999999,-7.54075,4.801743999999999,0.0,5.341185266800123,0.008893425952882984,0.008892426108855472,0.0
1773939366.650171,0,wp2,-0.00825,-0.006,0.02,57.250221252441406,-27.48666763305664,-204.70452880859375,-0.34454309940338135,0.6043402552604675,0.0,0.7183752655982971,0.732471,-7.540489,4.806317,0.0,5.341185266800123,0.008893425952882984,0.008892426108855472,0.0
1773939366.6749976,0,wp2,-0.00825,-0.006,0.02,57.594791412353516,-28.024099349975586,-205.57156372070312,-0.34416159987449646,0.6042926907539368,0.0,0.7185980081558228,0.737976,-7.543696,4.80004,0.0,5.341185266800123,0.008893425952882984,0.008892426108855472,0.0
1773939366.70002,0,wp2,-0.00825,-0.006,0.02,57.18665313720703,-27.21006965637207,-204.64422607421875,-0.34467971324920654,0.6043139696121216,0.0,0.7183318138122559,0.735043,-7.545147999999999,4.8063139999999995,0.0,5.341185266800123,0.008893425952882984,0.008892426108855472,0.0
1773939366.7241046,0,wp2,-0.00825,-0.006,0.02,57.01179122924805,-26.808753967285156,-203.9759521484375,-0.34514400362968445,0.6040176749229431,0.0,0.718358039855957,0.739593,-7.537761,4.8072799999999996,0.0,5.341185266800123,0.008893425952882984,0.008892426108855472,0.0
1773939366.7501702,0,wp2,-0.00825,-0.006,0.02,57.26231384277344,-27.321535110473633,-204.92047119140625,-0.34473928809165955,0.6043327450752258,0.0,0.7182873487472534,0.7339209999999999,-7.546036,4.802664,0.0,5.341185266800123,0.008893425952882984,0.008892426108855472,0.0
1773939366.7751272,0,wp2,-0.00825,-0.006,0.02,57.37452697753906,-27.526355743408203,-205.35589599609375,-0.3446466326713562,0.6042848229408264,0.0,0.7183722257614136,0.7338319999999999,-7.544384,4.806285,0.0,5.341185266800123,0.008893425952882984,0.008892426108855472,0.0
1773939366.8003368,0,wp2,-0.00825,-0.006,0.02,57.26760482788086,-27.359451293945312,-204.93125915527344,-0.34495460987091064,0.6042018532752991,0.0,0.7182941436767578,0.737811,-7.548324,4.802721,0.0,5.341185266800123,0.008893425952882984,0.008892426108855472,0.0
1773939366.8251903,0,wp2,-0.00825,-0.006,0.02,57.11777877807617,-27.15280532836914,-204.42811584472656,-0.34525424242019653,0.6040583848953247,0.0,0.7182708382606506,0.729278,-7.550065999999999,4.803744,0.0,5.341185266800123,0.008893425952882984,0.008892426108855472,0.0
1773939366.8503385,0,wp2,-0.00825,-0.006,0.02,57.32650375366211,-27.54181671142578,-205.00015258789062,-0.3450312912464142,0.6041033267974854,0.0,0.7183401584625244,0.7377319999999999,-7.54819,4.8019419999999995,0.0,5.341185266800123,0.008893425952882984,0.008892426108855472,0.0
1773939366.8750553,0,wp2,-0.00825,-0.006,0.02,57.30941390991211,-27.552017211914062,-205.2936248779297,-0.34487268328666687,0.6044157147407532,0.0,0.7181534171104431,0.7289209999999999,-7.5468589999999995,4.80284,0.0,5.341185266800123,0.008893425952882984,0.008892426108855472,0.0
1773939366.9001615,0,wp2,-0.00825,-0.006,0.02,57.6146354675293,-28.149776458740234,-206.1861572265625,-0.3445547819137573,0.6044338345527649,0.0,0.7182907462120056,0.7377969999999999,-7.551373,4.800071,0.0,5.341185266800123,0.008893425952882984,0.008892426108855472,0.0
1773939366.9249456,0,wp2,-0.00825,-0.006,0.02,57.18939971923828,-27.369558334350586,-205.19869995117188,-0.34486672282218933,0.6046538949012756,0.0,0.7179558277130127,0.728686,-7.551625,4.800121,0.0,5.341185266800123,0.008893425952882984,0.008892426108855472,0.0
1773939366.9500606,0,wp2,-0.00825,-0.006,0.02,57.41348648071289,-27.829835891723633,-205.777587890625,-0.34451451897621155,0.6046953797340393,0.0,0.7180900573730469,0.737895,-7.546847,4.801813999999999,0.0,5.341185266800123,0.008893425952882984,0.008892426108855472,0.0
1773939366.9750395,0,wp2,-0.00825,-0.006,0.02,57.647178649902344,-28.209571838378906,-206.42588806152344,-0.3442523777484894,0.6046612858772278,0.0,0.7182444334030151,0.736302,-7.5476399999999995,4.7999979999999995,0.0,5.341185266800123,0.008893425952882984,0.008892426108855472,0.0
1773939373.0496793,1,wp1,-0.0075,-0.006,0.015,58.9991340637207,-30.834123611450195,-210.20843505859375,-0.3425257205963135,0.6046665906906128,0.0,0.7190650105476379,0.732463,-7.54371,4.802686,0.0,5.387129922608242,0.009105103341087266,0.009104103497059753,0.0
1773939373.0748649,1,wp1,-0.0075,-0.006,0.015,58.883827209472656,-30.654052734375,-209.8962860107422,-0.34271925687789917,0.604651689529419,0.0,0.7189852595329285,0.736412,-7.545979999999999,4.800928,0.0,5.387129922608242,0.009105103341087266,0.009104103497059753,0.0
1773939373.099813,1,wp1,-0.0075,-0.006,0.015,58.902244567871094,-30.65581703186035,-209.99566650390625,-0.34251099824905396,0.6046800017356873,0.0,0.7190607190132141,0.739483,-7.549048999999999,4.79908,0.0,5.387129922608242,0.009105103341087266,0.009104103497059753,0.0
1773939373.124934,1,wp1,-0.0075,-0.006,0.015,58.89354705810547,-30.656885147094727,-210.07235717773438,-0.34268948435783386,0.6047301888465881,0.0,0.7189334630966187,0.73474,-7.537388999999999,4.801062,0.0,5.387129922608242,0.009105103341087266,0.009104103497059753,0.0
1773939373.14978,1,wp1,-0.0075,-0.006,0.015,58.77471160888672,-30.38180923461914,-209.3488311767578,-0.34299883246421814,0.6042348146438599,0.0,0.7192023396492004,0.732339,-7.549843999999999,4.801823,0.0,5.387129922608242,0.009105103341087266,0.009104103497059753,0.0
1773939373.1745937,1,wp1,-0.0075,-0.006,0.015,58.60269546508789,-30.086349487304688,-208.6956024169922,-0.3433787524700165,0.604041337966919,0.0,0.719183623790741,0.735204,-7.545317,4.79726,0.0,5.387129922608242,0.009105103341087266,0.009104103497059753,0.0
1773939373.1998582,1,wp1,-0.0075,-0.006,0.015,58.57263946533203,-29.961488723754883,-208.702392578125,-0.34333616495132446,0.6039701104164124,0.0,0.7192637920379639,0.736607,-7.550561,4.802669,0.0,5.387129922608242,0.009105103341087266,0.009104103497059753,0.0
1773939373.2246816,1,wp1,-0.0075,-0.006,0.015,58.5141487121582,-29.7911319732666,-208.45408630371094,-0.3433767259120941,0.6038811206817627,0.0,0.7193191051483154,0.7335349999999999,-7.5509759999999995,4.800032,0.0,5.387129922608242,0.009105103341087266,0.009104103497059753,0.0
1773939373.2498536,1,wp1,-0.0075,-0.006,0.015,58.607818603515625,-29.948637008666992,-208.79287719726562,-0.34317824244499207,0.6040112972259521,0.0,0.7193045616149902,0.739124,-7.54767,4.797302999999999,0.0,5.387129922608242,0.009105103341087266,0.009104103497059753,0.0
1773939373.2751682,1,wp1,-0.0075,-0.006,0.015,58.75863265991211,-30.07188606262207,-209.12704467773438,-0.3428794741630554,0.6039987802505493,0.0,0.7194575071334839,0.732398,-7.542129999999999,4.802766,0.0,5.387129922608242,0.009105103341087266,0.009104103497059753,0.0
1773939373.2998464,1,wp1,-0.0075,-0.006,0.015,58.831634521484375,-30.112825393676758,-208.96990966796875,-0.34297487139701843,0.603657066822052,0.0,0.7196987867355347,0.736529,-7.54752,4.8018019999999995,0.0,5.387129922608242,0.009105103341087266,0.009104103497059753,0.0
1773939373.324813,1,wp1,-0.0075,-0.006,0.015,58.8726806640625,-30.299392700195312,-209.35784912109375,-0.3430355489253998,0.6038075089454651,0.0,0.7195436358451843,0.737746,-7.553017,4.797326,0.0,5.387129922608242,0.009105103341087266,0.009104103497059753,0.0
1773939373.3498077,1,wp1,-0.0075,-0.006,0.015,58.59528350830078,-29.735139846801758,-208.39736938476562,-0.3435136079788208,0.6036625504493713,0.0,0.7194372415542603,0.733683,-7.546011999999999,4.802792,0.0,5.387129922608242,0.009105103341087266,0.009104103497059753,0.0
1773939373.3747504,1,wp1,-0.0075,-0.006,0.015,58.22382736206055,-29.04983901977539,-207.29702758789062,-0.3438483476638794,0.6036412715911865,0.0,0.7192952036857605,0.729625,-7.5468269999999995,4.806337,0.0,5.387129922608242,0.009105103341087266,0.009104103497059753,0.0
1773939373.3995802,1,wp1,-0.0075,-0.006,0.015,58.337059020996094,-29.269807815551758,-207.83810424804688,-0.34371742606163025,0.6039477586746216,0.0,0.7191004753112793,0.7336849999999999,-7.546062999999999,4.800972,0.0,5.387129922608242,0.009105103341087266,0.009104103497059753,0.0
1773939373.4249399,1,wp1,-0.0075,-0.006,0.015,58.43808364868164,-29.51209259033203,-208.38262939453125,-0.343428373336792,0.6041861176490784,0.0,0.7190383076667786,0.7339479999999999,-7.5443,4.804474,0.0,5.387129922608242,0.009105103341087266,0.009104103497059753,0.0
1773939373.4496846,1,wp1,-0.0075,-0.006,0.015,58.56888961791992,-29.73092269897461,-208.66978454589844,-0.3432258069515228,0.6042757630348206,0.0,0.7190597057342529,0.731019,-7.54149,4.8035939999999995,0.0,5.387129922608242,0.009105103341087266,0.009104103497059753,0.0
1773939373.4746916,1,wp1,-0.0075,-0.006,0.015,58.58950424194336,-29.81764793395996,-208.75294494628906,-0.343319833278656,0.6042336821556091,0.0,0.7190501689910889,0.7308359999999999,-7.5474429999999995,4.804577999999999,0.0,5.387129922608242,0.009105103341087266,0.009104103497059753,0.0
1773939373.4997268,1,wp1,-0.0075,-0.006,0.015,58.241092681884766,-29.216081619262695,-207.8173370361328,-0.34375545382499695,0.6042880415916443,0.0,0.7187963724136353,0.733471,-7.545913,4.804595,0.0,5.387129922608242,0.009105103341087266,0.009104103497059753,0.0
1773939373.5249481,1,wp1,-0.0075,-0.006,0.015,57.99561309814453,-28.765045166015625,-207.1474151611328,-0.34410423040390015,0.6041685938835144,0.0,0.7187297940254211,0.7309899999999999,-7.542828999999999,4.801849,0.0,5.387129922608242,0.009105103341087266,0.009104103497059753,0.0
1773939373.5498626,1,wp1,-0.0075,-0.006,0.015,57.697227478027344,-28.32506561279297,-206.5546112060547,-0.3443818688392639,0.6043488383293152,0.0,0.7184453010559082,0.7365109999999999,-7.546065,4.797327999999999,0.0,5.387129922608242,0.009105103341087266,0.009104103497059753,0.0
1773939373.5746984,1,wp1,-0.0075,-0.006,0.015,57.39091873168945,-27.60367774963379,-205.49729919433594,-0.3447021245956421,0.6041322350502014,0.0,0.7184739112854004,0.7248789999999999,-7.5445459999999995,4.8029,0.0,5.387129922608242,0.009105103341087266,0.009104103497059753,0.0
1773939373.5996966,1,wp1,-0.0075,-0.006,0.015,57.338680267333984,-27.510587692260742,-205.19313049316406,-0.3447766900062561,0.6039977669715881,0.0,0.7185511589050293,0.7309589999999999,-7.542860999999999,4.8054689999999995,0.0,5.387129922608242,0.009105103341087266,0.009104103497059753,0.0
1773939373.6244972,1,wp1,-0.0075,-0.006,0.015,57.717010498046875,-28.172813415527344,-206.27584838867188,-0.3443736732006073,0.6040369272232056,0.0,0.7187114357948303,0.734684,-7.551635,4.801038,0.0,5.387129922608242,0.009105103341087266,0.009104103497059753,0.0
1773939373.6497796,1,wp1,-0.0075,-0.006,0.015,57.86178207397461,-28.533321380615234,-206.83303833007812,-0.3441949188709259,0.6041156053543091,0.0,0.7187308669090271,0.730383,-7.55089,4.797388,0.0,5.387129922608242,0.009105103341087266,0.009104103497059753,0.0
1773939373.6745353,1,wp1,-0.0075,-0.006,0.015,57.6740837097168,-28.19355010986328,-206.26393127441406,-0.3445987105369568,0.6039642691612244,0.0,0.7186646461486816,0.7407119999999999,-7.543727,4.797356,0.0,5.387129922608242,0.009105103341087266,0.009104103497059753,0.0
1773939373.6997168,1,wp1,-0.0075,-0.006,0.015,57.50139236450195,-27.9753475189209,-205.6149444580078,-0.3446643054485321,0.6039653420448303,0.0,0.7186323404312134,0.7365109999999999,-7.542909,4.799091,0.0,5.387129922608242,0.009105103341087266,0.009104103497059753,0.0
1773939373.7244556,1,wp1,-0.0075,-0.006,0.015,57.04666519165039,-27.09119415283203,-204.19378662109375,-0.34522658586502075,0.6038737893104553,0.0,0.7184392809867859,0.73788,-7.551608,4.797212,0.0,5.387129922608242,0.009105103341087266,0.009104103497059753,0.0
1773939373.7494552,1,wp1,-0.0075,-0.006,0.015,57.25099563598633,-27.531469345092773,-204.8402862548828,-0.34497717022895813,0.6039696335792542,0.0,0.7184785008430481,0.736688,-7.544453,4.802627,0.0,5.387129922608242,0.009105103341087266,0.009104103497059753,0.0
1773939373.77461,1,wp1,-0.0075,-0.006,0.015,57.16846466064453,-27.363603591918945,-204.6541290283203,-0.34511977434158325,0.603985071182251,0.0,0.7183970808982849,0.728216,-7.549257,4.80094,0.0,5.387129922608242,0.009105103341087266,0.009104103497059753,0.0
1773939373.7997205,1,wp1,-0.0075,-0.006,0.015,57.71026611328125,-28.288211822509766,-206.16061401367188,-0.3443054258823395,0.6041045188903809,0.0,0.7186872363090515,0.732381,-7.548393,4.800011,0.0,5.387129922608242,0.009105103341087266,0.009104103497059753,0.0
1773939373.8247526,1,wp1,-0.0075,-0.006,0.015,58.014381408691406,-28.852705001831055,-206.92356872558594,-0.34399518370628357,0.6041290163993835,0.0,0.7188153266906738,0.731128,-7.541183999999999,4.804584,0.0,5.387129922608242,0.009105103341087266,0.009104103497059753,0.0
1773939373.849503,1,wp1,-0.0075,-0.006,0.015,57.99089813232422,-28.797821044921875,-206.88958740234375,-0.3441503345966339,0.6041175723075867,0.0,0.7187505960464478,0.7391,-7.5320149999999995,4.804609999999999,0.0,5.387129922608242,0.009105103341087266,0.009104103497059753,0.0
1773939373.8744547,1,wp1,-0.0075,-0.006,0.015,58.156761169433594,-29.119731903076172,-207.5015411376953,-0.34368136525154114,0.6043900847434998,0.0,0.7187459468841553,0.7324379999999999,-7.54517,4.801778,0.0,5.387129922608242,0.009105103341087266,0.009104103497059753,0.0
1773939373.8997188,1,wp1,-0.0075,-0.006,0.015,58.12710189819336,-28.91242218017578,-207.2106170654297,-0.34365665912628174,0.6042609810829163,0.0,0.718866229057312,0.7322059999999999,-7.5435859999999995,4.805403999999999,0.0,5.387129922608242,0.009105103341087266,0.009104103497059753,0.0
1773939373.9247105,1,wp1,-0.0075,-0.006,0.015,58.22310256958008,-29.099641799926758,-207.5844268798828,-0.3433566987514496,0.6045046448707581,0.0,0.7188047766685486,0.730953,-7.541264,4.8037339999999995,0.0,5.387129922608242,0.009105103341087266,0.009104103497059753,0.0
1773939373.949575,1,wp1,-0.0075,-0.006,0.015,58.459049224853516,-29.413700103759766,-208.3422088623047,-0.3432912826538086,0.604373574256897,0.0,0.7189462184906006,0.737722,-7.546651,4.801864999999999,0.0,5.387129922608242,0.009105103341087266,0.009104103497059753,0.0
1773939373.9747195,1,wp1,-0.0075,-0.006,0.015,58.698787689208984,-29.853120803833008,-208.97454833984375,-0.3430824875831604,0.6042652130126953,0.0,0.7191369533538818,0.732416,-7.545166999999999,4.800971,0.0,5.387129922608242,0.009105103341087266,0.009104103497059753,0.0
1773939373.9995224,1,wp1,-0.0075,-0.006,0.015,58.59724426269531,-29.548463821411133,-208.51626586914062,-0.34325987100601196,0.6040874123573303,0.0,0.7192016839981079,0.7350909999999999,-7.546876999999999,4.799969,0.0,5.387129922608242,0.009105103341087266,0.009104103497059753,0.0
1773939374.024706,1,wp1,-0.0075,-0.006,0.015,58.78590393066406,-29.996191024780273,-209.04971313476562,-0.34305039048194885,0.6041946411132812,0.0,0.7192115783691406,0.732167,-7.547016999999999,4.800885,0.0,5.387129922608242,0.009105103341087266,0.009104103497059753,0.0
1773939374.049346,1,wp1,-0.0075,-0.006,0.015,58.91849136352539,-30.199106216430664,-209.4285888671875,-0.34289419651031494,0.6041737198829651,0.0,0.7193036079406738,0.7257739999999999,-7.550596,4.8009949999999995,0.0,5.387129922608242,0.009105103341087266,0.009104103497059753,0.0
1773939374.0748723,1,wp1,-0.0075,-0.006,0.015,58.65961456298828,-29.764856338500977,-208.8733367919922,-0.3430939018726349,0.6043311357498169,0.0,0.7190760970115662,0.73788,-7.5453149999999996,4.79821,0.0,5.387129922608242,0.009105103341087266,0.009104103497059753,0.0
1773939374.0996575,1,wp1,-0.0075,-0.006,0.015,58.79011154174805,-30.074222564697266,-209.6277313232422,-0.34266436100006104,0.604654848575592,0.0,0.7190088033676147,0.732536,-7.548381,4.8027109999999995,0.0,5.387129922608242,0.009105103341087266,0.009104103497059753,0.0
1773939374.1245346,1,wp1,-0.0075,-0.006,0.015,59.308372497558594,-31.018306732177734,-210.84927368164062,-0.34222573041915894,0.6044597625732422,0.0,0.7193816900253296,0.7350479999999999,-7.545299,4.800854999999999,0.0,5.387129922608242,0.009105103341087266,0.009104103497059753,0.0
1773939374.1495085,1,wp1,-0.0075,-0.006,0.015,59.5147819519043,-31.48529815673828,-211.47610473632812,-0.3419865667819977,0.604544997215271,0.0,0.719423770904541,0.731026,-7.546094999999999,4.801779,0.0,5.387129922608242,0.009105103341087266,0.009104103497059753,0.0
1773939374.174498,1,wp1,-0.0075,-0.006,0.015,59.404964447021484,-31.204988479614258,-211.10403442382812,-0.342006653547287,0.6045156717300415,0.0,0.719438910484314,0.732505,-7.543684,4.803591,0.0,5.387129922608242,0.009105103341087266,0.009104103497059753,0.0
1773939374.200103,1,wp1,-0.0075,-0.006,0.015,59.24180221557617,-30.93889808654785,-210.68948364257812,-0.34208589792251587,0.6046534776687622,0.0,0.7192853689193726,0.739296,-7.544511,4.799047,0.0,5.387129922608242,0.009105103341087266,0.009104103497059753,0.0
1773939374.2246118,1,wp1,-0.0075,-0.006,0.015,58.98872756958008,-30.500255584716797,-210.07943725585938,-0.34233346581459045,0.6047536134719849,0.0,0.719083309173584,0.7309019999999999,-7.549251,4.798171,0.0,5.387129922608242,0.009105103341087266,0.009104103497059753,0.0
1773939374.2494524,1,wp1,-0.0075,-0.006,0.015,58.94746780395508,-30.516273498535156,-210.1537322998047,-0.34236469864845276,0.6048264503479004,0.0,0.7190071940422058,0.7431289999999999,-7.5328669999999995,4.803603,0.0,5.387129922608242,0.009105103341087266,0.009104103497059753,0.0
1773939374.2746582,1,wp1,-0.0075,-0.006,0.015,58.90851974487305,-30.376890182495117,-209.74639892578125,-0.34255072474479675,0.6045219302177429,0.0,0.7191746830940247,0.732494,-7.5452509999999995,4.80357,0.0,5.387129922608242,0.009105103341087266,0.009104103497059753,0.0
1773939374.2995095,1,wp1,-0.0075,-0.006,0.015,58.55839538574219,-29.72979736328125,-208.79806518554688,-0.34292152523994446,0.6045135259628296,0.0,0.7190049886703491,0.7336579999999999,-7.544315999999999,4.803647,0.0,5.387129922608242,0.009105103341087266,0.009104103497059753,0.0
1773939374.3245997,1,wp1,-0.0075,-0.006,0.015,58.66938018798828,-29.942853927612305,-209.08474731445312,-0.342892050743103,0.6044887900352478,0.0,0.7190399169921875,0.733781,-7.546206,4.799030999999999,0.0,5.387129922608242,0.009105103341087266,0.009104103497059753,0.0
1773939374.3497703,1,wp1,-0.0075,-0.006,0.015,58.856781005859375,-30.28667640686035,-209.19085693359375,-0.3427129089832306,0.6043340563774109,0.0,0.7192553281784058,0.728215,-7.547654,4.802731,0.0,5.387129922608242,0.009105103341087266,0.009104103497059753,0.0
1773939374.374509,1,wp1,-0.0075,-0.006,0.015,58.69132995605469,-29.96860694885254,-208.63084411621094,-0.3429965078830719,0.6041428446769714,0.0,0.7192807793617249,0.740597,-7.545247,4.798115999999999,0.0,5.387129922608242,0.009105103341087266,0.009104103497059753,0.0
1773939374.3992288,1,wp1,-0.0075,-0.006,0.015,58.427330017089844,-29.507936477661133,-208.00384521484375,-0.34328731894493103,0.6041393280029297,0.0,0.7191449403762817,0.73509,-7.549982999999999,4.800025,0.0,5.387129922608242,0.009105103341087266,0.009104103497059753,0.0
1773939374.424389,1,wp1,-0.0075,-0.006,0.015,58.22145462036133,-29.194082260131836,-207.69338989257812,-0.34351846575737,0.6042239665985107,0.0,0.7189634442329407,0.732263,-7.548228,4.803673,0.0,5.387129922608242,0.009105103341087266,0.009104103497059753,0.0
1773939374.449662,1,wp1,-0.0075,-0.006,0.015,58.434844970703125,-29.58646011352539,-208.1743621826172,-0.3434365391731262,0.6040701270103455,0.0,0.7191318273544312,0.7230329999999999,-7.556864,4.799155,0.0,5.387129922608242,0.009105103341087266,0.009104103497059753,0.0
1773939374.4748201,1,wp1,-0.0075,-0.006,0.015,58.315513610839844,-29.290021896362305,-207.830078125,-0.34373483061790466,0.6038957834243774,0.0,0.7191357612609863,0.737814,-7.548425,4.7990829999999995,0.0,5.387129922608242,0.009105103341087266,0.009104103497059753,0.0
1773939374.499609,1,wp1,-0.0075,-0.006,0.015,58.38395309448242,-29.37691307067871,-207.89028930664062,-0.3437284827232361,0.6038206219673157,0.0,0.719201922416687,0.735062,-7.543654999999999,4.801746,0.0,5.387129922608242,0.009105103341087266,0.009104103497059753,0.0
1773939374.5244637,1,wp1,-0.0075,-0.006,0.015,58.198692321777344,-29.03057289123535,-207.45614624023438,-0.34395286440849304,0.6038016676902771,0.0,0.7191105484962463,0.736509,-7.544422,4.797171,0.0,5.387129922608242,0.009105103341087266,0.009104103497059753,0.0
1773939374.5496287,1,wp1,-0.0075,-0.006,0.015,58.04608917236328,-28.73139190673828,-207.07212829589844,-0.34403926134109497,0.6038302183151245,0.0,0.7190452218055725,0.7379439999999999,-7.545291,4.799920999999999,0.0,5.387129922608242,0.009105103341087266,0.009104103497059753,0.0
1773939374.5745926,1,wp1,-0.0075,-0.006,0.015,57.90406799316406,-28.433256149291992,-206.57827758789062,-0.34420740604400635,0.6036983728408813,0.0,0.7190755009651184,0.733687,-7.541404,4.800888,0.0,5.387129922608242,0.009105103341087266,0.009104103497059753,0.0
1773939374.5993311,1,wp1,-0.0075,-0.006,0.015,57.71259307861328,-28.057117462158203,-206.29942321777344,-0.3444039225578308,0.6037880182266235,0.0,0.718906044960022,0.7378699999999999,-7.548306999999999,4.8009059999999995,0.0,5.387129922608242,0.009105103341087266,0.009104103497059753,0.0
1773939374.624342,1,wp1,-0.0075,-0.006,0.015,57.526798248291016,-27.762557983398438,-206.08203125,-0.3443942368030548,0.6042187809944153,0.0,0.7185487747192383,0.73088,-7.549219,4.80366,0.0,5.387129922608242,0.009105103341087266,0.009104103497059753,0.0
1773939374.6493282,1,wp1,-0.0075,-0.006,0.015,57.91012954711914,-28.424339294433594,-207.07247924804688,-0.3439595103263855,0.6042466163635254,0.0,0.718733549118042,0.7344189999999999,-7.537954,4.801851,0.0,5.387129922608242,0.009105103341087266,0.009104103497059753,0.0
1773939374.6745322,1,wp1,-0.0075,-0.006,0.015,58.04683303833008,-28.724468231201172,-207.18568420410156,-0.34395742416381836,0.6041411757469177,0.0,0.7188231945037842,0.728227,-7.542980999999999,4.802696,0.0,5.387129922608242,0.009105103341087266,0.009104103497059753,0.0
1773939374.6994839,1,wp1,-0.0075,-0.006,0.015,57.95957946777344,-28.653669357299805,-207.26023864746094,-0.34390950202941895,0.6043655276298523,0.0,0.7186574935913086,0.733746,-7.545939,4.806323,0.0,5.387129922608242,0.009105103341087266,0.009104103497059753,0.0
1773939374.7244732,1,wp1,-0.0075,-0.006,0.015,57.86933135986328,-28.519027709960938,-207.00299072265625,-0.34394094347953796,0.604496955871582,0.0,0.7185318470001221,0.735155,-7.546873,4.799151999999999,0.0,5.387129922608242,0.009105103341087266,0.009104103497059753,0.0
1773939374.7498863,1,wp1,-0.0075,-0.006,0.015,57.727542877197266,-28.225479125976562,-206.76168823242188,-0.3441063165664673,0.6045337319374084,0.0,0.7184217572212219,0.7279479999999999,-7.5429829999999995,4.801919,0.0,5.387129922608242,0.009105103341087266,0.009104103497059753,0.0
1773939374.774483,1,wp1,-0.0075,-0.006,0.015,57.79081344604492,-28.338247299194336,-206.90443420410156,-0.3440380394458771,0.6045095324516296,0.0,0.718474805355072,0.736377,-7.547632999999999,4.795462,0.0,5.387129922608242,0.009105103341087266,0.009104103497059753,0.0
1773939374.7995324,1,wp1,-0.0075,-0.006,0.015,58.04762649536133,-28.864322662353516,-207.52456665039062,-0.3438081443309784,0.6045671105384827,0.0,0.7185364961624146,0.7392409999999999,-7.546054,4.799939999999999,0.0,5.387129922608242,0.009105103341087266,0.009104103497059753,0.0
1773939374.8244562,1,wp1,-0.0075,-0.006,0.015,57.88017272949219,-28.630823135375977,-207.26609802246094,-0.3439019024372101,0.6046856045722961,0.0,0.7183918952941895,0.737883,-7.548216,4.801825,0.0,5.387129922608242,0.009105103341087266,0.009104103497059753,0.0
1773939374.8494115,1,wp1,-0.0075,-0.006,0.015,57.88341522216797,-28.639917373657227,-207.12213134765625,-0.3441605567932129,0.6044787168502808,0.0,0.7184420228004456,0.7293,-7.553255,4.796491,0.0,5.387129922608242,0.009105103341087266,0.009104103497059753,0.0
1773939374.8745189,1,wp1,-0.0075,-0.006,0.015,57.87150192260742,-28.64351463317871,-207.0634765625,-0.3443242311477661,0.6043180823326111,0.0,0.7184988260269165,0.734962,-7.549862,4.797343,0.0,5.387129922608242,0.009105103341087266,0.009104103497059753,0.0
1773939374.8996356,1,wp1,-0.0075,-0.006,0.015,57.449432373046875,-27.920001983642578,-205.90182495117188,-0.3448490798473358,0.6042795181274414,0.0,0.7182794809341431,0.7268129999999999,-7.548544,4.798305,0.0,5.387129922608242,0.009105103341087266,0.009104103497059753,0.0
1773939374.9245133,1,wp1,-0.0075,-0.006,0.015,57.420352935791016,-27.741289138793945,-205.68797302246094,-0.3449445962905884,0.6040638089179993,0.0,0.7184150218963623,0.737903,-7.548346,4.799942,0.0,5.387129922608242,0.009105103341087266,0.009104103497059753,0.0
1773939374.9493268,1,wp1,-0.0075,-0.006,0.015,57.21051788330078,-27.349700927734375,-204.86399841308594,-0.34529635310173035,0.6038727164268494,0.0,0.7184067368507385,0.7350939999999999,-7.552934,4.8018209999999995,0.0,5.387129922608242,0.009105103341087266,0.009104103497059753,0.0
1773939374.9745083,1,wp1,-0.0075,-0.006,0.015,56.992130279541016,-26.959278106689453,-204.18270874023438,-0.3455345034599304,0.6037823557853699,0.0,0.7183681130409241,0.7324459999999999,-7.542127,4.800901,0.0,5.387129922608242,0.009105103341087266,0.009104103497059753,0.0
1773939374.9994729,1,wp1,-0.0075,-0.006,0.015,56.95527648925781,-26.801605224609375,-203.79759216308594,-0.34546637535095215,0.6036462187767029,0.0,0.7185152769088745,0.732364,-7.545228,4.804494,0.0,5.387129922608242,0.009105103341087266,0.009104103497059753,0.0
1773939375.024354,1,wp1,-0.0075,-0.006,0.015,56.78812789916992,-26.58744239807129,-203.40963745117188,-0.3456723093986511,0.6037406921386719,0.0,0.718336820602417,0.7350749999999999,-7.5467189999999995,4.800901,0.0,5.387129922608242,0.009105103341087266,0.009104103497059753,0.0
1773939377.0497465,1,wp2,-0.00675,-0.006,0.02,57.77199172973633,-28.375442504882812,-206.64019775390625,-0.3441486060619354,0.604287326335907,0.0,0.7186087369918823,0.736503,-7.547555,4.798177,0.0,5.439031321066415,0.008208533870743384,0.008207534026715872,0.0
1773939377.0750732,1,wp2,-0.00675,-0.006,0.02,57.7401008605957,-28.345495223999023,-206.52328491210938,-0.3441818952560425,0.6042563319206238,0.0,0.7186189293861389,0.7325659999999999,-7.548299,4.80091,0.0,5.439031321066415,0.008208533870743384,0.008207534026715872,0.0
1773939377.100114,1,wp2,-0.00675,-0.006,0.02,57.76609802246094,-28.366601943969727,-206.3941192626953,-0.34424614906311035,0.604144811630249,0.0,0.7186819314956665,0.739726,-7.5361329999999995,4.802721,0.0,5.439031321066415,0.008208533870743384,0.008207534026715872,0.0
1773939377.12474,1,wp2,-0.00675,-0.006,0.02,57.657318115234375,-28.158262252807617,-206.10684204101562,-0.34438225626945496,0.6041741967201233,0.0,0.7185919880867004,0.727996,-7.5475319999999995,4.807303999999999,0.0,5.439031321066415,0.008208533870743384,0.008207534026715872,0.0
1773939377.1497786,1,wp2,-0.00675,-0.006,0.02,57.07398223876953,-27.161211013793945,-204.49012756347656,-0.3451484143733978,0.6041626334190369,0.0,0.7182340025901794,0.735053,-7.553158,4.800884,0.0,5.439031321066415,0.008208533870743384,0.008207534026715872,0.0
1773939377.1748817,1,wp2,-0.00675,-0.006,0.02,57.17870330810547,-27.261178970336914,-204.73828125,-0.3450869917869568,0.6040597558021545,0.0,0.7183500528335571,0.730912,-7.546228999999999,4.801771,0.0,5.439031321066415,0.008208533870743384,0.008207534026715872,0.0
1773939377.1999762,1,wp2,-0.00675,-0.006,0.02,57.67125701904297,-28.324312210083008,-206.23147583007812,-0.34459394216537476,0.6042556166648865,0.0,0.7184220552444458,0.724333,-7.557728,4.795535,0.0,5.439031321066415,0.008208533870743384,0.008207534026715872,0.0
1773939377.2251093,1,wp2,-0.00675,-0.006,0.02,57.761409759521484,-28.53715705871582,-206.4387969970703,-0.34442320466041565,0.6042255163192749,0.0,0.718529224395752,0.732216,-7.545303,4.800973,0.0,5.439031321066415,0.008208533870743384,0.008207534026715872,0.0
1773939377.2498956,1,wp2,-0.00675,-0.006,0.02,57.59478759765625,-28.237333297729492,-206.04629516601562,-0.3445599377155304,0.604329526424408,0.0,0.7183761596679688,0.7365229999999999,-7.5427669999999996,4.801829,0.0,5.439031321066415,0.008208533870743384,0.008207534026715872,0.0
1773939377.275034,1,wp2,-0.00675,-0.006,0.02,57.76370620727539,-28.538414001464844,-206.5079345703125,-0.3442796766757965,0.6043821573257446,0.0,0.7184662222862244,0.7335959999999999,-7.550682999999999,4.799118,0.0,5.439031321066415,0.008208533870743384,0.008207534026715872,0.0
1773939377.299962,1,wp2,-0.00675,-0.006,0.02,57.422237396240234,-27.809986114501953,-205.3041229248047,-0.3448043763637543,0.6040765643119812,0.0,0.7184717059135437,0.732166,-7.54857,4.8009129999999995,0.0,5.439031321066415,0.008208533870743384,0.008207534026715872,0.0
1773939377.324844,1,wp2,-0.00675,-0.006,0.02,57.36608123779297,-27.684181213378906,-205.09463500976562,-0.344843327999115,0.6041378974914551,0.0,0.7184013724327087,0.7324919999999999,-7.546784,4.7991209999999995,0.0,5.439031321066415,0.008208533870743384,0.008207534026715872,0.0
1773939377.3498223,1,wp2,-0.00675,-0.006,0.02,57.38513946533203,-27.723003387451172,-205.28924560546875,-0.3448478877544403,0.6041454076766968,0.0,0.7183928489685059,0.732533,-7.543551,4.803609,0.0,5.439031321066415,0.008208533870743384,0.008207534026715872,0.0
1773939377.3750281,1,wp2,-0.00675,-0.006,0.02,57.48282241821289,-27.953588485717773,-205.35568237304688,-0.34477898478507996,0.604092538356781,0.0,0.7184702754020691,0.732655,-7.543679,4.802764,0.0,5.439031321066415,0.008208533870743384,0.008207534026715872,0.0
1773939377.3999736,1,wp2,-0.00675,-0.006,0.02,57.783058166503906,-28.36918067932129,-206.38702392578125,-0.3442418575286865,0.6041907668113708,0.0,0.7186452746391296,0.7375539999999999,-7.534358999999999,4.800958,0.0,5.439031321066415,0.008208533870743384,0.008207534026715872,0.0
1773939377.4249258,1,wp2,-0.00675,-0.006,0.02,58.01545333862305,-28.86811065673828,-207.14566040039062,-0.3440207242965698,0.6042344570159912,0.0,0.7187144160270691,0.7290719999999999,-7.542145,4.803748,0.0,5.439031321066415,0.008208533870743384,0.008207534026715872,0.0
1773939377.4497576,1,wp2,-0.00675,-0.006,0.02,57.8399658203125,-28.422157287597656,-206.45130920410156,-0.34421414136886597,0.6040173172950745,0.0,0.7188044190406799,0.730942,-7.546145999999999,4.799969,0.0,5.439031321066415,0.008208533870743384,0.008207534026715872,0.0
1773939377.4749522,1,wp2,-0.00675,-0.006,0.02,57.60502243041992,-27.92474365234375,-205.46226501464844,-0.34470510482788086,0.603743851184845,0.0,0.718798816204071,0.737945,-7.548151,4.794582999999999,0.0,5.439031321066415,0.008208533870743384,0.008207534026715872,0.0
1773939377.499893,1,wp2,-0.00675,-0.006,0.02,57.97349548339844,-28.6193904876709,-206.63768005371094,-0.34416139125823975,0.6038722991943359,0.0,0.7189514636993408,0.729522,-7.545246,4.804563,0.0,5.439031321066415,0.008208533870743384,0.008207534026715872,0.0
1773939377.5247242,1,wp2,-0.00675,-0.006,0.02,58.544517517089844,-29.635257720947266,-208.16403198242188,-0.34328097105026245,0.6040101647377014,0.0,0.719256579875946,0.736467,-7.547593999999999,4.798271,0.0,5.439031321066415,0.008208533870743384,0.008207534026715872,0.0
1773939377.5497134,1,wp2,-0.00675,-0.006,0.02,59.0977668762207,-30.749900817871094,-209.83905029296875,-0.342727392911911,0.6042205691337585,0.0,0.7193437218666077,0.733638,-7.547679,4.7972779999999995,0.0,5.439031321066415,0.008208533870743384,0.008207534026715872,0.0
1773939377.5746243,1,wp2,-0.00675,-0.006,0.02,59.08705520629883,-30.707115173339844,-209.88967895507812,-0.34278711676597595,0.6041655540466309,0.0,0.719361424446106,0.735096,-7.548452999999999,4.797228,0.0,5.439031321066415,0.008208533870743384,0.008207534026715872,0.0
1773939377.5997794,1,wp2,-0.00675,-0.006,0.02,59.051822662353516,-30.67090606689453,-209.90896606445312,-0.34263598918914795,0.6043674349784851,0.0,0.7192639112472534,0.715451,-7.557573,4.802058,0.0,5.439031321066415,0.008208533870743384,0.008207534026715872,0.0
1773939377.624844,1,wp2,-0.00675,-0.006,0.02,59.15781021118164,-30.868188858032227,-210.43600463867188,-0.34244832396507263,0.6043900847434998,0.0,0.7193343043327332,0.732336,-7.546944,4.798208,0.0,5.439031321066415,0.008208533870743384,0.008207534026715872,0.0
1773939377.6496134,1,wp2,-0.00675,-0.006,0.02,59.24074935913086,-31.1650447845459,-210.4391326904297,-0.3425198197364807,0.6042746901512146,0.0,0.7193971872329712,0.735104,-7.549941,4.799124,0.0,5.439031321066415,0.008208533870743384,0.008207534026715872,0.0
1773939377.6748025,1,wp2,-0.00675,-0.006,0.02,58.986331939697266,-30.67696189880371,-209.76246643066406,-0.34266915917396545,0.6043814420700073,0.0,0.7192363739013672,0.737927,-7.545083999999999,4.8026729999999995,0.0,5.439031321066415,0.008208533870743384,0.008207534026715872,0.0
1773939377.699745,1,wp2,-0.00675,-0.006,0.02,58.639495849609375,-30.0113525390625,-208.55857849121094,-0.3432096838951111,0.6040834188461304,0.0,0.719228982925415,0.7282879999999999,-7.5475959999999995,4.800015,0.0,5.439031321066415,0.008208533870743384,0.008207534026715872,0.0
1773939377.7249324,1,wp2,-0.00675,-0.006,0.02,58.00704574584961,-28.82556915283203,-207.03839111328125,-0.34388744831085205,0.6041499972343445,0.0,0.7188491821289062,0.7352339999999999,-7.5468079999999995,4.799963,0.0,5.439031321066415,0.008208533870743384,0.008207534026715872,0.0
1773939377.7494056,1,wp2,-0.00675,-0.006,0.02,57.759178161621094,-28.362760543823242,-206.11341857910156,-0.3444797098636627,0.6038259863853455,0.0,0.7188378572463989,0.735022,-7.5435929999999995,4.805479,0.0,5.439031321066415,0.008208533870743384,0.008207534026715872,0.0
1773939377.7746058,1,wp2,-0.00675,-0.006,0.02,57.305030822753906,-27.669343948364258,-204.95001220703125,-0.3451695144176483,0.603795051574707,0.0,0.718532919883728,0.7245699999999999,-7.546194,4.800185,0.0,5.439031321066415,0.008208533870743384,0.008207534026715872,0.0
1773939377.7997723,1,wp2,-0.00675,-0.006,0.02,57.30839920043945,-27.616296768188477,-205.04180908203125,-0.34493228793144226,0.6038709282875061,0.0,0.7185831069946289,0.737108,-7.539244999999999,4.804488,0.0,5.439031321066415,0.008208533870743384,0.008207534026715872,0.0
1773939377.8247552,1,wp2,-0.00675,-0.006,0.02,57.83003616333008,-28.561368942260742,-206.41360473632812,-0.34425774216651917,0.6039360761642456,0.0,0.7188518047332764,0.732567,-7.545341,4.8026409999999995,0.0,5.439031321066415,0.008208533870743384,0.008207534026715872,0.0
1773939377.8496199,1,wp2,-0.00675,-0.006,0.02,58.150150299072266,-29.14740562438965,-207.23394775390625,-0.34387141466140747,0.6039316654205322,0.0,0.7190403342247009,0.737837,-7.546874,4.799861,0.0,5.439031321066415,0.008208533870743384,0.008207534026715872,0.0
1773939377.8744922,1,wp2,-0.00675,-0.006,0.02,57.85675811767578,-28.603992462158203,-206.1965789794922,-0.34418171644210815,0.6039299964904785,0.0,0.7188932299613953,0.736425,-7.544464,4.799129,0.0,5.439031321066415,0.008208533870743384,0.008207534026715872,0.0
1773939377.9000185,1,wp2,-0.00675,-0.006,0.02,57.6821174621582,-28.280986785888672,-205.706298828125,-0.3442525863647461,0.6040138602256775,0.0,0.7187889218330383,0.730768,-7.549255,4.800045,0.0,5.439031321066415,0.008208533870743384,0.008207534026715872,0.0
1773939377.9247003,1,wp2,-0.00675,-0.006,0.02,57.68736267089844,-28.276893615722656,-205.85525512695312,-0.34432607889175415,0.6040144562721252,0.0,0.7187531590461731,0.7407349999999999,-7.549735999999999,4.801832999999999,0.0,5.439031321066415,0.008208533870743384,0.008207534026715872,0.0
1773939377.949638,1,wp2,-0.00675,-0.006,0.02,57.647003173828125,-28.204959869384766,-205.9412384033203,-0.34432360529899597,0.604249119758606,0.0,0.7185570597648621,0.73502,-7.549993,4.797315,0.0,5.439031321066415,0.008208533870743384,0.008207534026715872,0.0
1773939377.9746892,1,wp2,-0.00675,-0.006,0.02,58.040008544921875,-29.03223991394043,-206.92959594726562,-0.34392911195755005,0.6042063236236572,0.0,0.7187819480895996,0.733802,-7.542872999999999,4.799105,0.0,5.439031321066415,0.008208533870743384,0.008207534026715872,0.0
1773939377.999833,1,wp2,-0.00675,-0.006,0.02,58.245338439941406,-29.362224578857422,-207.51263427734375,-0.3434741497039795,0.6043283939361572,0.0,0.7188968658447266,0.729304,-7.554929,4.797357,0.0,5.439031321066415,0.008208533870743384,0.008207534026715872,0.0
1773939378.0247886,1,wp2,-0.00675,-0.006,0.02,58.38719940185547,-29.541927337646484,-207.9207305908203,-0.3432471752166748,0.6043617725372314,0.0,0.7189772129058838,0.735016,-7.553197,4.800978,0.0,5.439031321066415,0.008208533870743384,0.008207534026715872,0.0
1773939378.049988,1,wp2,-0.00675,-0.006,0.02,58.75509262084961,-30.25131607055664,-208.75074768066406,-0.3428172767162323,0.6043127775192261,0.0,0.7192234396934509,0.7350679999999999,-7.543666999999999,4.802745,0.0,5.439031321066415,0.008208533870743384,0.008207534026715872,0.0
1773939378.0745788,1,wp2,-0.00675,-0.006,0.02,58.429222106933594,-29.702991485595703,-208.06991577148438,-0.3431270122528076,0.6043753027915955,0.0,0.7190231084823608,0.736725,-7.545859,4.802722,0.0,5.439031321066415,0.008208533870743384,0.008207534026715872,0.0
1773939378.0997882,1,wp2,-0.00675,-0.006,0.02,57.723785400390625,-28.42847442626953,-206.0695343017578,-0.3442618250846863,0.6040876507759094,0.0,0.718722403049469,0.7282369999999999,-7.552218,4.800015,0.0,5.439031321066415,0.008208533870743384,0.008207534026715872,0.0
1773939378.1248243,1,wp2,-0.00675,-0.006,0.02,57.82957458496094,-28.59996795654297,-206.4479522705078,-0.344168096780777,0.6040447354316711,0.0,0.718803346157074,0.733722,-7.546221999999999,4.800847,0.0,5.439031321066415,0.008208533870743384,0.008207534026715872,0.0
1773939378.1495025,1,wp2,-0.00675,-0.006,0.02,57.98688507080078,-28.819705963134766,-206.82968139648438,-0.3441183865070343,0.6040270328521729,0.0,0.7188420295715332,0.731783,-7.542052999999999,4.806424,0.0,5.439031321066415,0.008208533870743384,0.008207534026715872,0.0
1773939378.1746988,1,wp2,-0.00675,-0.006,0.02,58.28763198852539,-29.36459732055664,-207.43939208984375,-0.3437965512275696,0.603872537612915,0.0,0.7191258072853088,0.736521,-7.54427,4.8036769999999995,0.0,5.439031321066415,0.008208533870743384,0.008207534026715872,0.0
1773939378.2000232,1,wp2,-0.00675,-0.006,0.02,57.631568908691406,-28.18260955810547,-205.5440673828125,-0.344522088766098,0.6037726998329163,0.0,0.7188622951507568,0.7310519999999999,-7.537866999999999,4.804618,0.0,5.439031321066415,0.008208533870743384,0.008207534026715872,0.0
1773939378.2249205,1,wp2,-0.00675,-0.006,0.02,57.0098876953125,-26.96198272705078,-203.73167419433594,-0.3452403247356415,0.6036566495895386,0.0,0.7186151742935181,0.737883,-7.548216,4.801825,0.0,5.439031321066415,0.008208533870743384,0.008207534026715872,0.0
1773939378.249838,1,wp2,-0.00675,-0.006,0.02,57.009307861328125,-26.960111618041992,-203.75405883789062,-0.345298707485199,0.6036730408668518,0.0,0.7185733914375305,0.732309,-7.546927999999999,4.796403,0.0,5.439031321066415,0.008208533870743384,0.008207534026715872,0.0
1773939378.2745745,1,wp2,-0.00675,-0.006,0.02,56.966064453125,-26.86546516418457,-203.54672241210938,-0.3454526364803314,0.6035497784614563,0.0,0.7186028361320496,0.732435,-7.546672,4.8036259999999995,0.0,5.439031321066415,0.008208533870743384,0.008207534026715872,0.0
1773939378.2997108,1,wp2,-0.00675,-0.006,0.02,56.85146713256836,-26.65631866455078,-203.4485321044922,-0.3454572260379791,0.6037925481796265,0.0,0.718396782875061,0.728053,-7.544664,4.8000549999999995,0.0,5.439031321066415,0.008208533870743384,0.008207534026715872,0.0
1773939378.3246782,1,wp2,-0.00675,-0.006,0.02,56.868316650390625,-26.692359924316406,-203.37020874023438,-0.34555110335350037,0.6037266254425049,0.0,0.7184069752693176,0.733493,-7.547696999999999,4.799103,0.0,5.439031321066415,0.008208533870743384,0.008207534026715872,0.0
1773939378.3499334,1,wp2,-0.00675,-0.006,0.02,56.91311264038086,-26.806625366210938,-203.56272888183594,-0.3451641798019409,0.6040186285972595,0.0,0.7183474898338318,0.73088,-7.550802,4.797391999999999,0.0,5.439031321066415,0.008208533870743384,0.008207534026715872,0.0
1773939378.3748887,1,wp2,-0.00675,-0.006,0.02,56.847389221191406,-26.689495086669922,-203.38844299316406,-0.3452688455581665,0.6040230393409729,0.0,0.7182934880256653,0.73375,-7.547643,4.800892999999999,0.0,5.439031321066415,0.008208533870743384,0.008207534026715872,0.0
1773939378.399699,1,wp2,-0.00675,-0.006,0.02,56.71312713623047,-26.44571304321289,-203.2008819580078,-0.34531304240226746,0.6041260361671448,0.0,0.7181857228279114,0.730827,-7.549238,4.79823,0.0,5.439031321066415,0.008208533870743384,0.008207534026715872,0.0
1773939378.4246864,1,wp2,-0.00675,-0.006,0.02,56.69611358642578,-26.39198112487793,-203.06202697753906,-0.3452816903591156,0.6041384935379028,0.0,0.7181903123855591,0.730364,-7.554272999999999,4.795495,0.0,5.439031321066415,0.008208533870743384,0.008207534026715872,0.0
1773939378.4501336,1,wp2,-0.00675,-0.006,0.02,56.71880340576172,-26.37822914123535,-203.13729858398438,-0.3452611565589905,0.6040320992469788,0.0,0.7182896137237549,0.7323999999999999,-7.5437829999999995,4.799155,0.0,5.439031321066415,0.008208533870743384,0.008207534026715872,0.0
1773939378.4746563,1,wp2,-0.00675,-0.006,0.02,56.98527145385742,-26.862144470214844,-204.0434112548828,-0.34498971700668335,0.6041314601898193,0.0,0.7183364629745483,0.735274,-7.545306999999999,4.79997,0.0,5.439031321066415,0.008208533870743384,0.008207534026715872,0.0
1773939378.5000052,1,wp2,-0.00675,-0.006,0.02,56.77991485595703,-26.53620147705078,-203.6177978515625,-0.3452100455760956,0.6041933298110962,0.0,0.7181786298751831,0.733761,-7.5489049999999995,4.801871,0.0,5.439031321066415,0.008208533870743384,0.008207534026715872,0.0
1773939378.524769,1,wp2,-0.00675,-0.006,0.02,56.948753356933594,-26.817880630493164,-204.1041717529297,-0.3450043797492981,0.604248046875,0.0,0.7182312607765198,0.731309,-7.536269,4.795608,0.0,5.439031321066415,0.008208533870743384,0.008207534026715872,0.0
1773939378.5497227,1,wp2,-0.00675,-0.006,0.02,57.05286407470703,-27.098186492919922,-204.33966064453125,-0.34503722190856934,0.6041272878646851,0.0,0.7183171510696411,0.735027,-7.5405869999999995,4.801784,0.0,5.439031321066415,0.008208533870743384,0.008207534026715872,0.0
1773939378.5747728,1,wp2,-0.00675,-0.006,0.02,56.87075424194336,-26.782512664794922,-203.99966430664062,-0.34517452120780945,0.6042707562446594,0.0,0.7181305289268494,0.729582,-7.545458,4.7964199999999995,0.0,5.439031321066415,0.008208533870743384,0.008207534026715872,0.0
1773939378.5996046,1,wp2,-0.00675,-0.006,0.02,56.99970245361328,-27.00954818725586,-204.15167236328125,-0.3454500436782837,0.6039372086524963,0.0,0.7182785868644714,0.7324839999999999,-7.537399,4.800014,0.0,5.439031321066415,0.008208533870743384,0.008207534026715872,0.0
1773939378.6245756,1,wp2,-0.00675,-0.006,0.02,57.115299224853516,-27.269283294677734,-204.72879028320312,-0.3451213836669922,0.604132890701294,0.0,0.7182719111442566,0.7386389999999999,-7.536973,4.802745,0.0,5.439031321066415,0.008208533870743384,0.008207534026715872,0.0
1773939378.6496954,1,wp2,-0.00675,-0.006,0.02,57.39158630371094,-27.75343894958496,-205.4822235107422,-0.34488430619239807,0.6040167808532715,0.0,0.718483567237854,0.735162,-7.545165,4.800864,0.0,5.439031321066415,0.008208533870743384,0.008207534026715872,0.0
1773939378.6744316,1,wp2,-0.00675,-0.006,0.02,57.63527297973633,-28.179218292236328,-206.25027465820312,-0.3443954288959503,0.604287326335907,0.0,0.7184905409812927,0.7350249999999999,-7.543692999999999,4.801839999999999,0.0,5.439031321066415,0.008208533870743384,0.008207534026715872,0.0
1773939378.6995466,1,wp2,-0.00675,-0.006,0.02,58.237274169921875,-29.3568172454834,-208.03961181640625,-0.3435809314250946,0.6045696139335632,0.0,0.7186429500579834,0.7350559999999999,-7.546965999999999,4.7982439999999995,0.0,5.439031321066415,0.008208533870743384,0.008207534026715872,0.0
1773939378.724495,1,wp2,-0.00675,-0.006,0.02,58.0481071472168,-28.939607620239258,-207.41229248046875,-0.3437401354312897,0.6044872403144836,0.0,0.718636155128479,0.724777,-7.5543249999999995,4.79638,0.0,5.439031321066415,0.008208533870743384,0.008207534026715872,0.0
1773939378.7494173,1,wp2,-0.00675,-0.006,0.02,58.21514129638672,-29.21328353881836,-207.82090759277344,-0.3436744213104248,0.604381263256073,0.0,0.7187566757202148,0.739298,-7.549143,4.798181,0.0,5.439031321066415,0.008208533870743384,0.008207534026715872,0.0
1773939378.7744424,1,wp2,-0.00675,-0.006,0.02,58.308738708496094,-29.458683013916016,-208.0208282470703,-0.3436465859413147,0.60435551404953,0.0,0.7187916040420532,0.733634,-7.5461529999999994,4.798198999999999,0.0,5.439031321066415,0.008208533870743384,0.008207534026715872,0.0
1773939378.799411,1,wp2,-0.00675,-0.006,0.02,58.44990921020508,-29.655672073364258,-208.21258544921875,-0.34366360306739807,0.6041698455810547,0.0,0.7189396023750305,0.734945,-7.546696,4.801826,0.0,5.439031321066415,0.008208533870743384,0.008207534026715872,0.0
1773939378.8245633,1,wp2,-0.00675,-0.006,0.02,58.60646438598633,-29.924072265625,-208.36669921875,-0.34354743361473083,0.6040191650390625,0.0,0.7191216945648193,0.727596,-7.556005,4.797321,0.0,5.439031321066415,0.008208533870743384,0.008207534026715872,0.0
1773939378.8495262,1,wp2,-0.00675,-0.006,0.02,58.36431884765625,-29.399398803710938,-207.78997802734375,-0.3434689939022064,0.6042853593826294,0.0,0.718935489654541,0.7351639999999999,-7.546818999999999,4.7972529999999995,0.0,5.439031321066415,0.008208533870743384,0.008207534026715872,0.0
1773939378.874508,1,wp2,-0.00675,-0.006,0.02,58.234779357910156,-29.08780288696289,-207.16168212890625,-0.3438558578491211,0.6040533781051636,0.0,0.7189455032348633,0.732344,-7.542119,4.803631,0.0,5.439031321066415,0.008208533870743384,0.008207534026715872,0.0
1773939378.8994608,1,wp2,-0.00675,-0.006,0.02,57.900238037109375,-28.54146957397461,-206.0568389892578,-0.3442540764808655,0.6039713621139526,0.0,0.7188238501548767,0.732282,-7.548486,4.7991019999999995,0.0,5.439031321066415,0.008208533870743384,0.008207534026715872,0.0
1773939378.9244995,1,wp2,-0.00675,-0.006,0.02,57.63080978393555,-28.090824127197266,-205.31602478027344,-0.3446890711784363,0.6038277745246887,0.0,0.7187360525131226,0.741579,-7.538384,4.8099099999999995,0.0,5.439031321066415,0.008208533870743384,0.008207534026715872,0.0
1773939378.9494028,1,wp2,-0.00675,-0.006,0.02,57.42519760131836,-27.61930274963379,-204.7658233642578,-0.3449724316596985,0.6037620902061462,0.0,0.7186552286148071,0.732439,-7.54522,4.799958999999999,0.0,5.439031321066415,0.008208533870743384,0.008207534026715872,0.0
1773939378.9747639,1,wp2,-0.00675,-0.006,0.02,57.291542053222656,-27.396467208862305,-204.28318786621094,-0.3453603684902191,0.6035473346710205,0.0,0.7186493277549744,0.73505,-7.546952999999999,4.797245,0.0,5.439031321066415,0.008208533870743384,0.008207534026715872,0.0
1773939378.9995496,1,wp2,-0.00675,-0.006,0.02,57.594120025634766,-27.998416900634766,-204.8860321044922,-0.3448708951473236,0.6035574674606323,0.0,0.7188758254051208,0.73517,-7.5436749999999995,4.800015,0.0,5.439031321066415,0.008208533870743384,0.008207534026715872,0.0
1773939379.0245576,1,wp2,-0.00675,-0.006,0.02,57.415122985839844,-27.6802921295166,-204.5794219970703,-0.345082551240921,0.603639543056488,0.0,0.7187052369117737,0.732382,-7.538647999999999,4.7991969999999995,0.0,5.439031321066415,0.008208533870743384,0.008207534026715872,0.0
1773939379.0494518,1,wp2,-0.00675,-0.006,0.02,57.344974517822266,-27.580995559692383,-204.5489959716797,-0.3451197147369385,0.603801429271698,0.0,0.718551516532898,0.735022,-7.548311999999999,4.799976,0.0,5.439031321066415,0.008208533870743384,0.008207534026715872,0.0
