time,point_index,phase,cmd_px,cmd_py,cmd_pz,cmd_ox,cmd_oy,cmd_oz,cmd_ow,ndi_px_rel,ndi_py_rel,ndi_pz_rel,ndi_ox,ndi_oy,ndi_oz,ndi_ow,joint_0,joint_1,joint_2,joint_3,joint_4
1774636002.7459261,0,baseline,0.0,0.0,0.0,0.0,0.0,0.0,1.0,-0.9383277893066406,-1.3051269531250114,-1.9956268310546932,0.6815862655639648,-0.04049428552389145,0.0,0.7306163907051086,0.0,3.141592653589793,0.0,0.0,0.0
1774636002.7709205,0,baseline,0.0,0.0,0.0,0.0,0.0,0.0,1.0,-0.8656711578369141,-1.0769775390625114,-1.5484680175781307,0.6829520463943481,-0.040578123182058334,0.0,0.7293353080749512,0.0,3.141592653589793,0.0,0.0,0.0
1774636002.7959292,0,baseline,0.0,0.0,0.0,0.0,0.0,0.0,1.0,-1.6137580871582031,-0.9364440917968864,-2.1509155273437557,0.6825783252716064,-0.038513630628585815,0.0,0.7297968864440918,0.0,3.141592653589793,0.0,0.0,0.0
1774636002.8209212,0,baseline,0.0,0.0,0.0,0.0,0.0,0.0,1.0,-1.6866931915283203,-0.7229125976562614,-2.031362915039068,0.683478832244873,-0.03844673931598663,0.0,0.7289571166038513,0.0,3.141592653589793,0.0,0.0,0.0
1774636002.845121,0,baseline,0.0,0.0,0.0,0.0,0.0,0.0,1.0,-1.8844833374023438,-1.0851257324218864,-2.0048889160156307,0.6823550462722778,-0.03793881833553314,0.0,0.7300357818603516,0.0,3.141592653589793,0.0,0.0,0.0
1774636002.8709493,0,baseline,0.0,0.0,0.0,0.0,0.0,0.0,1.0,-2.3278675079345703,-0.5396545410156364,-2.1135925292968807,0.6838147640228271,-0.03599071502685547,0.0,0.7287675142288208,0.0,3.141592653589793,0.0,0.0,0.0
1774636002.8959506,0,baseline,0.0,0.0,0.0,0.0,0.0,0.0,1.0,-1.9132843017578125,-0.6816223144531364,-1.6655029296875057,0.6838354468345642,-0.03752421960234642,0.0,0.7286707162857056,0.0,3.141592653589793,0.0,0.0,0.0
1774636002.9209564,0,baseline,0.0,0.0,0.0,0.0,0.0,0.0,1.0,-1.7800445556640625,-0.8717773437500114,-1.2623657226562557,0.6838090419769287,-0.03780600428581238,0.0,0.7286809682846069,0.0,3.141592653589793,0.0,0.0,0.0
1774636002.9459512,0,baseline,0.0,0.0,0.0,0.0,0.0,0.0,1.0,-1.4276618957519531,-0.14628295898438637,-0.6693786621093807,0.6867799162864685,-0.03847293555736542,0.0,0.725846529006958,0.0,3.141592653589793,0.0,0.0,0.0
1774636002.970197,0,baseline,0.0,0.0,0.0,0.0,0.0,0.0,1.0,-0.8755531311035156,0.03773803710936363,-0.11989440917969318,0.6880970597267151,-0.03976251929998398,0.0,0.7245283722877502,0.0,3.141592653589793,0.0,0.0,0.0
1774636002.9959188,0,baseline,0.0,0.0,0.0,0.0,0.0,0.0,1.0,-1.2018718719482422,-0.09791259765626137,-0.2762207031250057,0.6874661445617676,-0.038763683289289474,0.0,0.7251811623573303,0.0,3.141592653589793,0.0,0.0,0.0
1774636003.0209143,0,baseline,0.0,0.0,0.0,0.0,0.0,0.0,1.0,-0.7267513275146484,0.29024047851561363,-0.15320434570313068,0.6889309883117676,-0.03930610418319702,0.0,0.7237603664398193,0.0,3.141592653589793,0.0,0.0,0.0
1774636003.0459347,0,baseline,0.0,0.0,0.0,0.0,0.0,0.0,1.0,-1.0945453643798828,0.44328613281248863,0.19580993652343182,0.6897351145744324,-0.03831607475876808,0.0,0.7230473160743713,0.0,3.141592653589793,0.0,0.0,0.0
1774636003.071181,0,baseline,0.0,0.0,0.0,0.0,0.0,0.0,1.0,-0.76751708984375,0.6353942871093636,0.3045440673828068,0.6901661157608032,-0.039201341569423676,0.0,0.7225884199142456,0.0,3.141592653589793,0.0,0.0,0.0
1774636003.0964417,0,baseline,0.0,0.0,0.0,0.0,0.0,0.0,1.0,-0.758148193359375,0.8465148925781136,0.14248046874999432,0.6905252933502197,-0.040000878274440765,0.0,0.7222013473510742,0.0,3.141592653589793,0.0,0.0,0.0
1774636003.121109,0,baseline,0.0,0.0,0.0,0.0,0.0,0.0,1.0,-0.4261608123779297,0.36049194335936363,0.19097290039061932,0.6889310479164124,-0.041449159383773804,0.0,0.7236408591270447,0.0,3.141592653589793,0.0,0.0,0.0
1774636003.1463106,0,baseline,0.0,0.0,0.0,0.0,0.0,0.0,1.0,-0.6112155914306641,0.40126342773436363,-0.07004394531250568,0.6888045072555542,-0.04103231802582741,0.0,0.7237849831581116,0.0,3.141592653589793,0.0,0.0,0.0
1774636003.1712463,0,baseline,0.0,0.0,0.0,0.0,0.0,0.0,1.0,-0.9726963043212891,0.8910095214843636,-0.12964477539063068,0.6901988983154297,-0.03942565992474556,0.0,0.7225449085235596,0.0,3.141592653589793,0.0,0.0,0.0
1774636003.1959286,0,baseline,0.0,0.0,0.0,0.0,0.0,0.0,1.0,-0.5165042877197266,0.7879516601562386,-0.028997802734380684,0.6896372437477112,-0.04194232448935509,0.0,0.7229393720626831,0.0,3.141592653589793,0.0,0.0,0.0
1774636003.2214172,0,baseline,0.0,0.0,0.0,0.0,0.0,0.0,1.0,-0.8976058959960938,0.9729187011718636,-0.2632202148437557,0.6900631189346313,-0.04020356386899948,0.0,0.7226316928863525,0.0,3.141592653589793,0.0,0.0,0.0
1774636003.246085,0,baseline,0.0,0.0,0.0,0.0,0.0,0.0,1.0,-0.15197372436523438,1.4920837402343636,0.4614501953124943,0.6921260356903076,-0.04283781722187996,0.0,0.7205042243003845,0.0,3.141592653589793,0.0,0.0,0.0
1774636003.2712014,0,baseline,0.0,0.0,0.0,0.0,0.0,0.0,1.0,-0.8561000823974609,1.3666564941406136,0.010675048828119316,0.6911984086036682,-0.04113580659031868,0.0,0.7214933633804321,0.0,3.141592653589793,0.0,0.0,0.0
1774636003.2960453,0,baseline,0.0,0.0,0.0,0.0,0.0,0.0,1.0,0.35357093811035156,1.4219238281249886,0.5403991699218693,0.6919984817504883,-0.04461514577269554,0.0,0.720518946647644,0.0,3.141592653589793,0.0,0.0,0.0
1774636003.3211057,0,baseline,0.0,0.0,0.0,0.0,0.0,0.0,1.0,0.5012950897216797,1.1367980957031136,0.3694854736328068,0.6912936568260193,-0.044932909309864044,0.0,0.7211755514144897,0.0,3.141592653589793,0.0,0.0,0.0
1774636003.3459141,0,baseline,0.0,0.0,0.0,0.0,0.0,0.0,1.0,0.2793750762939453,1.2540161132812386,0.6074920654296818,0.6921049952507019,-0.043811410665512085,0.0,0.7204659581184387,0.0,3.141592653589793,0.0,0.0,0.0
1774636003.3710077,0,baseline,0.0,0.0,0.0,0.0,0.0,0.0,1.0,0.1395854949951172,1.3036071777343636,0.2902770996093693,0.6919949054718018,-0.04360898211598396,0.0,0.7205840349197388,0.0,3.141592653589793,0.0,0.0,0.0
1774636003.3959737,0,baseline,0.0,0.0,0.0,0.0,0.0,0.0,1.0,0.9344463348388672,1.4531738281249886,0.8984466552734318,0.6933088898658752,-0.04586804658174515,0.0,0.7191792726516724,0.0,3.141592653589793,0.0,0.0,0.0
1774636003.4210143,0,baseline,0.0,0.0,0.0,0.0,0.0,0.0,1.0,0.9462490081787109,1.2204162597656136,0.6971527099609318,0.6922985911369324,-0.0461558997631073,0.0,0.7201335430145264,0.0,3.141592653589793,0.0,0.0,0.0
1774636003.4461625,0,baseline,0.0,0.0,0.0,0.0,0.0,0.0,1.0,0.6333751678466797,1.0887939453124886,0.5927520751953068,0.6922322511672974,-0.04415750876069069,0.0,0.7203224897384644,0.0,3.141592653589793,0.0,0.0,0.0
1774636003.4712346,0,baseline,0.0,0.0,0.0,0.0,0.0,0.0,1.0,0.6039867401123047,0.8496276855468636,0.3774658203124943,0.6912235617637634,-0.04486091807484627,0.0,0.7212471961975098,0.0,3.141592653589793,0.0,0.0,0.0
1774636003.4962533,0,baseline,0.0,0.0,0.0,0.0,0.0,0.0,1.0,0.7003860473632812,0.09605712890623863,-0.0033020019531306843,0.6888521909713745,-0.04488827660679817,0.0,0.7235106229782104,0.0,3.141592653589793,0.0,0.0,0.0
1774636003.5212605,0,baseline,0.0,0.0,0.0,0.0,0.0,0.0,1.0,0.6693935394287109,-0.38258056640626137,-0.2601989746093807,0.6870050430297852,-0.04530959948897362,0.0,0.7252386212348938,0.0,3.141592653589793,0.0,0.0,0.0
1774636003.5464163,0,baseline,0.0,0.0,0.0,0.0,0.0,0.0,1.0,0.29218101501464844,-0.42460327148438637,-0.3445800781250057,0.6866645216941833,-0.043544843792915344,0.0,0.7256690859794617,0.0,3.141592653589793,0.0,0.0,0.0
1774636003.5712953,0,baseline,0.0,0.0,0.0,0.0,0.0,0.0,1.0,0.3291034698486328,-0.6854675292968864,-0.4821990966796932,0.6854177713394165,-0.04412991181015968,0.0,0.7268115878105164,0.0,3.141592653589793,0.0,0.0,0.0
1774636003.596252,0,baseline,0.0,0.0,0.0,0.0,0.0,0.0,1.0,0.7971172332763672,-0.47291259765626137,-0.3187164306640682,0.6861875653266907,-0.045253053307533264,0.0,0.7260156869888306,0.0,3.141592653589793,0.0,0.0,0.0
1774636003.6204584,0,baseline,0.0,0.0,0.0,0.0,0.0,0.0,1.0,1.0440540313720703,-0.8094299316406364,-0.16278686523438068,0.6852709054946899,-0.046172406524419785,0.0,0.7268231511116028,0.0,3.141592653589793,0.0,0.0,0.0
1774636003.6460853,0,baseline,0.0,0.0,0.0,0.0,0.0,0.0,1.0,0.59442138671875,-1.2442443847656364,-0.8172821044921932,0.6830940246582031,-0.04451983794569969,0.0,0.7289722561836243,0.0,3.141592653589793,0.0,0.0,0.0
1774636003.6711662,0,baseline,0.0,0.0,0.0,0.0,0.0,0.0,1.0,0.496185302734375,-1.4167907714843864,-0.8592285156250057,0.6826939582824707,-0.04431085288524628,0.0,0.7293596267700195,0.0,3.141592653589793,0.0,0.0,0.0
1774636003.6962335,0,baseline,0.0,0.0,0.0,0.0,0.0,0.0,1.0,0.30239295959472656,-1.8133056640625114,-1.3777984619140682,0.6808595657348633,-0.04401671886444092,0.0,0.7310900688171387,0.0,3.141592653589793,0.0,0.0,0.0
1774636003.721215,0,baseline,0.0,0.0,0.0,0.0,0.0,0.0,1.0,0.7081813812255859,-2.1044738769531364,-1.0718750000000057,0.6802397966384888,-0.04480331391096115,0.0,0.7316190004348755,0.0,3.141592653589793,0.0,0.0,0.0
1774636003.7463126,0,baseline,0.0,0.0,0.0,0.0,0.0,0.0,1.0,-0.02387237548828125,-1.6678283691406364,-1.4044250488281307,0.6813387870788574,-0.042046476155519485,0.0,0.7307595610618591,0.0,3.141592653589793,0.0,0.0,0.0
1774636003.7714257,0,baseline,0.0,0.0,0.0,0.0,0.0,0.0,1.0,0.6057510375976562,-1.5733154296875114,-0.6574615478515682,0.6827072501182556,-0.04362336918711662,0.0,0.7293885946273804,0.0,3.141592653589793,0.0,0.0,0.0
1774636003.796451,0,baseline,0.0,0.0,0.0,0.0,0.0,0.0,1.0,0.556854248046875,-1.8739135742187614,-1.2610992431640682,0.6811532378196716,-0.04438511282205582,0.0,0.7307941913604736,0.0,3.141592653589793,0.0,0.0,0.0
1774636003.8209674,0,baseline,0.0,0.0,0.0,0.0,0.0,0.0,1.0,0.27233314514160156,-1.4033630371093864,-1.1225952148437557,0.6825762987136841,-0.04338501766324043,0.0,0.7295253872871399,0.0,3.141592653589793,0.0,0.0,0.0
1774636003.8460517,0,baseline,0.0,0.0,0.0,0.0,0.0,0.0,1.0,0.04880523681640625,-1.4395874023437614,-1.2265075683593807,0.6824105381965637,-0.04271586611866951,0.0,0.7297199368476868,0.0,3.141592653589793,0.0,0.0,0.0
1774636003.8704338,0,baseline,0.0,0.0,0.0,0.0,0.0,0.0,1.0,-0.16215133666992188,-0.8790405273437614,-0.8453125000000057,0.6846948266029358,-0.04125433415174484,0.0,0.7276614308357239,0.0,3.141592653589793,0.0,0.0,0.0
1774636003.8955355,0,baseline,0.0,0.0,0.0,0.0,0.0,0.0,1.0,-0.9133338928222656,-0.6390197753906364,-0.8723815917968807,0.6855048537254333,-0.038922153413295746,0.0,0.7270269989967346,0.0,3.141592653589793,0.0,0.0,0.0
1774636003.920471,0,baseline,0.0,0.0,0.0,0.0,0.0,0.0,1.0,-0.2109832763671875,-0.7317321777343864,-0.3506072998046932,0.6858641505241394,-0.04066343978047371,0.0,0.7265926599502563,0.0,3.141592653589793,0.0,0.0,0.0
1774636003.946482,0,baseline,0.0,0.0,0.0,0.0,0.0,0.0,1.0,-0.8604793548583984,-0.47956542968751137,-0.10524597167969318,0.6866920590400696,-0.039267800748348236,0.0,0.7258870601654053,0.0,3.141592653589793,0.0,0.0,0.0
1774636003.9704301,0,baseline,0.0,0.0,0.0,0.0,0.0,0.0,1.0,-1.0766773223876953,-0.7164428710937614,-0.3416809082031307,0.685798704624176,-0.03934729844331741,0.0,0.7267268300056458,0.0,3.141592653589793,0.0,0.0,0.0
1774636003.9954581,0,baseline,0.0,0.0,0.0,0.0,0.0,0.0,1.0,-0.7970638275146484,-0.9564636230468864,-0.24480285644531818,0.6849812865257263,-0.04030955210328102,0.0,0.7274446487426758,0.0,3.141592653589793,0.0,0.0,0.0
1774636004.020433,0,baseline,0.0,0.0,0.0,0.0,0.0,0.0,1.0,-0.6469345092773438,-0.6975524902343864,-0.052847290039068184,0.6859109997749329,-0.04086914286017418,0.0,0.7265368103981018,0.0,3.141592653589793,0.0,0.0,0.0
1774636004.0454884,0,baseline,0.0,0.0,0.0,0.0,0.0,0.0,1.0,-0.877044677734375,-0.6626708984375114,0.4688659667968693,0.6866597533226013,-0.039595119655132294,0.0,0.7258998155593872,0.0,3.141592653589793,0.0,0.0,0.0
1774636004.0716283,0,baseline,0.0,0.0,0.0,0.0,0.0,0.0,1.0,-0.6668834686279297,-0.9880187988281364,0.3673492431640568,0.6856570839881897,-0.04008030146360397,0.0,0.7268204689025879,0.0,3.141592653589793,0.0,0.0,0.0
1774636004.0954225,0,baseline,0.0,0.0,0.0,0.0,0.0,0.0,1.0,-0.8584613800048828,-1.2418029785156364,0.5526977539062443,0.6849076747894287,-0.039434123784303665,0.0,0.7275620698928833,0.0,3.141592653589793,0.0,0.0,0.0
1774636004.1204553,0,baseline,0.0,0.0,0.0,0.0,0.0,0.0,1.0,0.05902671813964844,-1.2289855957031364,0.9493804931640568,0.6852825880050659,-0.04223622381687164,0.0,0.7270514965057373,0.0,3.141592653589793,0.0,0.0,0.0
1774636004.1456702,0,baseline,0.0,0.0,0.0,0.0,0.0,0.0,1.0,0.4936676025390625,-1.6629760742187614,1.2407165527343693,0.6845566630363464,-0.043632976710796356,0.0,0.7276526689529419,0.0,3.141592653589793,0.0,0.0,0.0
1774636004.1705508,0,baseline,0.0,0.0,0.0,0.0,0.0,0.0,1.0,0.1945514678955078,-1.2675292968750114,0.7712951660156193,0.6849542856216431,-0.0432962067425251,0.0,0.7272984981536865,0.0,3.141592653589793,0.0,0.0,0.0
1774636004.1955128,0,baseline,0.0,0.0,0.0,0.0,0.0,0.0,1.0,0.8948020935058594,-1.1163757324218864,0.8714538574218693,0.6854705214500427,-0.04562976211309433,0.0,0.726669192314148,0.0,3.141592653589793,0.0,0.0,0.0
1774636004.2219489,0,baseline,0.0,0.0,0.0,0.0,0.0,0.0,1.0,0.5703468322753906,-0.5674255371093864,0.6099334716796818,0.6867907643318176,-0.044141191989183426,0.0,0.7255135774612427,0.0,3.141592653589793,0.0,0.0,0.0
1774636004.2454755,0,baseline,0.0,0.0,0.0,0.0,0.0,0.0,1.0,0.526031494140625,-0.27619628906251137,0.9780822753906193,0.6879500150680542,-0.043629247695207596,0.0,0.7244455218315125,0.0,3.141592653589793,0.0,0.0,0.0
1774636004.270458,0,baseline,0.0,0.0,0.0,0.0,0.0,0.0,1.0,-0.4331073760986328,-0.19633178710938637,0.6469665527343693,0.6876727938652039,-0.040309756994247437,0.0,0.7249008417129517,0.0,3.141592653589793,0.0,0.0,0.0
1774636004.2954497,0,baseline,0.0,0.0,0.0,0.0,0.0,0.0,1.0,0.13474464416503906,-0.10770874023438637,0.9154907226562443,0.6880077123641968,-0.04223491996526718,0.0,0.7244733572006226,0.0,3.141592653589793,0.0,0.0,0.0
1774636004.3204904,0,baseline,0.0,0.0,0.0,0.0,0.0,0.0,1.0,-0.24307823181152344,0.18953247070311363,0.7469573974609318,0.6887657046318054,-0.041030578315258026,0.0,0.7238220572471619,0.0,3.141592653589793,0.0,0.0,0.0
1774636004.3455029,0,baseline,0.0,0.0,0.0,0.0,0.0,0.0,1.0,-0.13620948791503906,0.40925903320311363,0.4454437255859318,0.6891762614250183,-0.0422566793859005,0.0,0.7233604788780212,0.0,3.141592653589793,0.0,0.0,0.0
1774636004.370488,0,baseline,0.0,0.0,0.0,0.0,0.0,0.0,1.0,-0.5183963775634766,0.39778442382811363,-0.24736633300781818,0.6881385445594788,-0.041697293519973755,0.0,0.7243801951408386,0.0,3.141592653589793,0.0,0.0,0.0
1774636004.3954344,0,baseline,0.0,0.0,0.0,0.0,0.0,0.0,1.0,-0.4314002990722656,0.9317199707031136,-0.006689453125005684,0.6895760297775269,-0.04195873811841011,0.0,0.7229967713356018,0.0,3.141592653589793,0.0,0.0,0.0
1774636004.4215536,0,baseline,0.0,0.0,0.0,0.0,0.0,0.0,1.0,-0.6371326446533203,0.6378662109374886,-0.2572387695312557,0.6884275674819946,-0.04146136716008186,0.0,0.7241190075874329,0.0,3.141592653589793,0.0,0.0,0.0
1774636004.446449,0,baseline,0.0,0.0,0.0,0.0,0.0,0.0,1.0,-0.14787673950195312,0.40864868164061363,0.052011108398431816,0.688204824924469,-0.042301204055547714,0.0,0.7242822051048279,0.0,3.141592653589793,0.0,0.0,0.0
1774636004.470444,0,baseline,0.0,0.0,0.0,0.0,0.0,0.0,1.0,-0.15330123901367188,0.37184448242186363,0.4605804443359318,0.6885901093482971,-0.04188301041722298,0.0,0.7239402532577515,0.0,3.141592653589793,0.0,0.0,0.0
1774636004.495502,0,baseline,0.0,0.0,0.0,0.0,0.0,0.0,1.0,-0.02799224853515625,0.11915893554686363,0.4262481689453068,0.6878045201301575,-0.04279224947094917,0.0,0.724633514881134,0.0,3.141592653589793,0.0,0.0,0.0
1774636004.5217202,0,baseline,0.0,0.0,0.0,0.0,0.0,0.0,1.0,0.14943695068359375,0.07463378906248863,0.3900390624999943,0.6878777146339417,-0.04292752221226692,0.0,0.7245560884475708,0.0,3.141592653589793,0.0,0.0,0.0
1774636004.54628,0,baseline,0.0,0.0,0.0,0.0,0.0,0.0,1.0,0.20250701904296875,0.19786376953123863,0.017388916015619316,0.6877620816230774,-0.043731994926929474,0.0,0.7246177792549133,0.0,3.141592653589793,0.0,0.0,0.0
1774636004.5704446,0,baseline,0.0,0.0,0.0,0.0,0.0,0.0,1.0,0.33832550048828125,-0.22376708984376137,0.09885559082030682,0.6865277886390686,-0.04501904547214508,0.0,0.725708544254303,0.0,3.141592653589793,0.0,0.0,0.0
1774636004.5954683,0,baseline,0.0,0.0,0.0,0.0,0.0,0.0,1.0,0.7354869842529297,-0.5682495117187614,0.2837921142578068,0.6854699850082397,-0.04622120037674904,0.0,0.726632297039032,0.0,3.141592653589793,0.0,0.0,0.0
1774636004.6204493,0,baseline,0.0,0.0,0.0,0.0,0.0,0.0,1.0,-0.011434555053710938,-0.6947448730468864,0.3285003662109318,0.6857671737670898,-0.04281271994113922,0.0,0.7265607118606567,0.0,3.141592653589793,0.0,0.0,0.0
1774636004.645438,0,baseline,0.0,0.0,0.0,0.0,0.0,0.0,1.0,0.41527557373046875,-0.7408264160156364,0.023339843749994316,0.6852655410766602,-0.044630274176597595,0.0,0.7269245386123657,0.0,3.141592653589793,0.0,0.0,0.0
1774636004.6704535,0,baseline,0.0,0.0,0.0,0.0,0.0,0.0,1.0,0.5712776184082031,-0.6092041015625114,0.17307434082030682,0.6860694885253906,-0.04479038715362549,0.0,0.7261559367179871,0.0,3.141592653589793,0.0,0.0,0.0
1774636004.695436,0,baseline,0.0,0.0,0.0,0.0,0.0,0.0,1.0,0.3276023864746094,-0.38084106445313637,-0.16657104492188068,0.6864006519317627,-0.044428762048482895,0.0,0.7258651256561279,0.0,3.141592653589793,0.0,0.0,0.0
1774636004.7204843,0,baseline,0.0,0.0,0.0,0.0,0.0,0.0,1.0,0.09050941467285156,-0.7638366699218864,-0.6364501953125057,0.6845645904541016,-0.04433024302124977,0.0,0.727603018283844,0.0,3.141592653589793,0.0,0.0,0.0
1774636006.7713172,0,surface,0.0,-0.009,0.025,0.0,0.0,0.0,1.0,0.3695945739746094,-9.023724365234386,5.266885375976557,0.5965588688850403,-0.07816367596387863,0.0,0.7987539768218994,0.0,0.0,0.02658194431853751,0.007731400194021699,0.0
1774636006.7963378,0,surface,0.0,-0.009,0.025,0.0,0.0,0.0,1.0,0.4468727111816406,-8.683209228515636,5.777124023437494,0.5997536182403564,-0.07904156297445297,0.0,0.7962712645530701,0.0,0.0,0.01158194431853751,0.007731400194021699,0.0
1774636006.8214278,0,surface,0.0,-0.009,0.025,0.0,0.0,0.0,1.0,0.09029960632324219,-9.051281738281261,5.536492919921869,0.5997734069824219,-0.07860282063484192,0.0,0.7962998747825623,0.0,0.0,0.02658194431853751,0.007731400194021699,0.0
1774636006.84634,0,surface,0.0,-0.009,0.025,0.0,0.0,0.0,1.0,-0.17126846313476562,-9.315380859375011,5.298013305664057,0.6000226140022278,-0.07871223241090775,0.0,0.7961012721061707,0.0,0.0,0.02658194431853751,0.007731400194021699,0.0
1774636006.8713408,0,surface,0.0,-0.009,0.025,0.0,0.0,0.0,1.0,0.13505935668945312,-9.051617431640636,5.498178100585932,0.6024782657623291,-0.08066727221012115,0.0,0.7940483689308167,0.0,0.0,0.02658194431853751,0.007731400194021699,0.0
1774636006.8963723,0,surface,0.0,-0.009,0.025,0.0,0.0,0.0,1.0,-0.3439483642578125,-9.348400878906261,5.136575317382807,0.6021785140037537,-0.07926546782255173,0.0,0.7944167852401733,0.0,0.0,0.02658194431853751,0.007731400194021699,0.0
1774636006.9212856,0,surface,0.0,-0.009,0.025,0.0,0.0,0.0,1.0,-0.46964073181152344,-9.713482666015636,5.238458251953119,0.6017106175422668,-0.07912974059581757,0.0,0.7947847843170166,0.0,0.0,0.02658194431853751,0.007731400194021699,0.0
1774636006.9463909,0,surface,0.0,-0.009,0.025,0.0,0.0,0.0,1.0,-0.8727054595947266,-9.920910644531261,4.871499633789057,0.6011766791343689,-0.07779181748628616,0.0,0.7953206896781921,0.0,0.0,0.01158194431853751,0.007731400194021699,0.0
1774636006.9714618,0,surface,0.0,-0.009,0.025,0.0,0.0,0.0,1.0,-1.115966796875,-10.357876586914074,4.785989379882807,0.5999038815498352,-0.0771411657333374,0.0,0.796344518661499,0.0,0.0,0.02658194431853751,0.007731400194021699,0.0
1774636006.9970198,0,surface,0.0,-0.009,0.025,0.0,0.0,0.0,1.0,-1.5454425811767578,-10.455197143554699,4.806665039062494,0.5995548367500305,-0.07559484988451004,0.0,0.7967555522918701,0.0,0.0,0.02658194431853751,0.007731400194021699,0.0
1774636007.0212708,0,surface,0.0,-0.009,0.025,0.0,0.0,0.0,1.0,-1.6691398620605469,-10.302426147460949,5.031823730468744,0.6006077527999878,-0.07534024864435196,0.0,0.7959862947463989,0.0,0.0,0.01158194431853751,0.007731400194021699,0.0
1774636007.0457027,0,surface,0.0,-0.009,0.025,0.0,0.0,0.0,1.0,-1.1435832977294922,-10.168957519531261,4.912988281249994,0.6013781428337097,-0.07800668478012085,0.0,0.7951473593711853,0.0,0.0,0.01158194431853751,0.007731400194021699,0.0
1774636007.070694,0,surface,0.0,-0.009,0.025,0.0,0.0,0.0,1.0,-1.0461692810058594,-10.189724731445324,5.096429443359369,0.6012892127037048,-0.07870253920555115,0.0,0.7951459884643555,0.0,0.0,0.01158194431853751,0.007731400194021699,0.0
1774636007.0957897,0,surface,0.0,-0.009,0.025,0.0,0.0,0.0,1.0,-1.1454963684082031,-10.144238281250011,5.200723266601557,0.6015761494636536,-0.07829269766807556,0.0,0.7949694395065308,0.0,0.0,0.01158194431853751,0.007731400194021699,0.0
1774636007.1206918,0,surface,0.0,-0.009,0.025,0.0,0.0,0.0,1.0,-1.13153076171875,-10.491528320312511,5.083139038085932,0.6001018285751343,-0.07871542870998383,0.0,0.7960412502288818,0.0,0.0,0.01158194431853751,0.007731400194021699,0.0
1774636007.145852,0,surface,0.0,-0.009,0.025,0.0,0.0,0.0,1.0,-0.9255409240722656,-10.618771362304699,5.040307617187494,0.5992823839187622,-0.08007537573575974,0.0,0.7965227961540222,0.0,0.0,0.01158194431853751,0.007731400194021699,0.0
1774636007.1708627,0,surface,0.0,-0.009,0.025,0.0,0.0,0.0,1.0,-0.6255207061767578,-10.145825195312511,5.215066528320307,0.6016460061073303,-0.08157890290021896,0.0,0.7945860624313354,0.0,0.0,0.01158194431853751,0.007731400194021699,0.0
1774636007.1957798,0,surface,0.0,-0.009,0.025,0.0,0.0,0.0,1.0,-0.5566425323486328,-10.169873046875011,5.138360595703119,0.6014692187309265,-0.08218581974506378,0.0,0.7946573495864868,0.0,0.0,0.01158194431853751,0.007731400194021699,0.0
1774636007.2207787,0,surface,0.0,-0.009,0.025,0.0,0.0,0.0,1.0,-0.5808544158935547,-9.689892578125011,5.040277099609369,0.6033391952514648,-0.08202455937862396,0.0,0.7932552099227905,0.0,0.0,0.01158194431853751,0.007731400194021699,0.0
1774636007.245886,0,surface,0.0,-0.009,0.025,0.0,0.0,0.0,1.0,-0.6598758697509766,-10.154797363281261,4.935708618164057,0.6020622849464417,-0.0812343955039978,0.0,0.7943059802055359,0.0,0.0,0.01158194431853751,0.007731400194021699,0.0
1774636007.2708578,0,surface,0.0,-0.009,0.025,0.0,0.0,0.0,1.0,-0.04062652587890625,-9.781597900390636,5.146173095703119,0.603478193283081,-0.08350633084774017,0.0,0.7929948568344116,0.0,0.0,0.01158194431853751,0.007731400194021699,0.0
1774636007.2957892,0,surface,0.0,-0.009,0.025,0.0,0.0,0.0,1.0,-0.7135391235351562,-10.192471313476574,4.990472412109369,0.6020609736442566,-0.0804755836725235,0.0,0.7943841814994812,0.0,0.0,0.01158194431853751,0.007731400194021699,0.0
1774636007.3207722,0,surface,0.0,-0.009,0.025,0.0,0.0,0.0,1.0,-0.9104156494140625,-10.046398925781261,4.982431030273432,0.6027699112892151,-0.07991011440753937,0.0,0.7939035296440125,0.0,0.0,0.01158194431853751,0.007731400194021699,0.0
1774636007.3457768,0,surface,0.0,-0.009,0.025,0.0,0.0,0.0,1.0,-0.9883899688720703,-10.521206665039074,4.368615722656244,0.6001012325286865,-0.0793868824839592,0.0,0.7959750294685364,0.0,0.0,0.01158194431853751,0.007731400194021699,0.0
1774636007.3707762,0,surface,0.0,-0.009,0.025,0.0,0.0,0.0,1.0,-0.9996147155761719,-10.441921997070324,4.514382934570307,0.6007032990455627,-0.07916299253702164,0.0,0.7955430746078491,0.0,0.0,0.01158194431853751,0.007731400194021699,0.0
1774636007.3958066,0,surface,0.0,-0.009,0.025,0.0,0.0,0.0,1.0,-1.0314769744873047,-10.252972412109386,4.688363647460932,0.6015001535415649,-0.07851653546094894,0.0,0.7950048446655273,0.0,0.0,0.01158194431853751,0.007731400194021699,0.0
1774636007.4207892,0,surface,0.0,-0.009,0.025,0.0,0.0,0.0,1.0,-1.3592090606689453,-10.673214721679699,4.460809326171869,0.5992604494094849,-0.07772734761238098,0.0,0.7967718243598938,0.0,0.0,0.01158194431853751,0.007731400194021699,0.0
1774636007.4457476,0,surface,0.0,-0.009,0.025,0.0,0.0,0.0,1.0,-1.17462158203125,-10.580593872070324,4.805383300781244,0.5999786853790283,-0.0781656801700592,0.0,0.7961882948875427,0.0,0.0,0.01158194431853751,0.007731400194021699,0.0
1774636007.4707437,0,surface,0.0,-0.009,0.025,0.0,0.0,0.0,1.0,-1.1906795501708984,-10.831326293945324,4.987252807617182,0.599365770816803,-0.07853660732507706,0.0,0.7966132164001465,0.0,0.0,0.01158194431853751,0.007731400194021699,0.0
1774636007.495732,0,surface,0.0,-0.009,0.025,0.0,0.0,0.0,1.0,-0.9849510192871094,-10.658261108398449,5.192849731445307,0.5997306108474731,-0.0795450285077095,0.0,0.7962385416030884,0.0,0.0,0.01158194431853751,0.007731400194021699,0.0
1774636007.520695,0,surface,0.0,-0.009,0.025,0.0,0.0,0.0,1.0,-1.1147994995117188,-11.071957397460949,4.987161254882807,0.598169207572937,-0.07895810902118683,0.0,0.7974704504013062,0.0,0.0,0.01158194431853751,0.007731400194021699,0.0
1774636007.545747,0,surface,0.0,-0.009,0.025,0.0,0.0,0.0,1.0,-0.7910232543945312,-10.975811767578136,5.074945068359369,0.5983545184135437,-0.08019694685935974,0.0,0.7972078323364258,0.0,0.0,0.01158194431853751,0.007731400194021699,0.0
1774636007.5707483,0,surface,0.0,-0.009,0.025,0.0,0.0,0.0,1.0,-0.5528278350830078,-10.979565429687511,5.044824218749994,0.5984151363372803,-0.08095193654298782,0.0,0.7970860004425049,0.0,0.0,0.01158194431853751,0.007731400194021699,0.0
1774636007.595742,0,surface,0.0,-0.009,0.025,0.0,0.0,0.0,1.0,-0.3909263610839844,-10.887112426757824,5.435128784179682,0.5992274880409241,-0.08169978111982346,0.0,0.7963991165161133,0.0,0.0,0.01158194431853751,0.007731400194021699,0.0
1774636007.6207078,0,surface,0.0,-0.009,0.025,0.0,0.0,0.0,1.0,-0.27362632751464844,-10.777264404296886,5.535562133789057,0.5996155142784119,-0.08213547617197037,0.0,0.796062171459198,0.0,0.0,0.01158194431853751,0.007731400194021699,0.0
1774636007.6457398,0,surface,0.0,-0.009,0.025,0.0,0.0,0.0,1.0,-0.4537334442138672,-11.059384155273449,5.434213256835932,0.598602831363678,-0.08130144327878952,0.0,0.7969094514846802,0.0,0.0,0.01158194431853751,0.007731400194021699,0.0
1774636007.6707265,0,surface,0.0,-0.009,0.025,0.0,0.0,0.0,1.0,-0.12549209594726562,-10.491741943359386,5.700784301757807,0.601135790348053,-0.08221084624528885,0.0,0.7949069738388062,0.0,0.0,0.01158194431853751,0.007731400194021699,0.0
1774636007.695737,0,surface,0.0,-0.009,0.025,0.0,0.0,0.0,1.0,-0.8643856048583984,-10.456814575195324,5.397042846679682,0.6006672978401184,-0.07949250936508179,0.0,0.7955374121665955,0.0,0.0,0.01158194431853751,0.007731400194021699,0.0
1774636007.7207034,0,surface,0.0,-0.009,0.025,0.0,0.0,0.0,1.0,-0.7661647796630859,-10.497921752929699,5.294946289062494,0.6004993915557861,-0.07940524071455002,0.0,0.7956728935241699,0.0,0.0,0.01158194431853751,0.007731400194021699,0.0
1774636007.7457516,0,surface,0.0,-0.009,0.025,0.0,0.0,0.0,1.0,-1.0324325561523438,-10.747433471679699,4.892800903320307,0.5991072058677673,-0.07872764766216278,0.0,0.7967888116836548,0.0,0.0,0.01158194431853751,0.007731400194021699,0.0
1774636007.770712,0,surface,0.0,-0.009,0.025,0.0,0.0,0.0,1.0,-1.4129981994628906,-10.397396850585949,4.932687377929682,0.6003961563110352,-0.07751712203025818,0.0,0.7959368824958801,0.0,0.0,0.01158194431853751,0.007731400194021699,0.0
1774636007.795721,0,surface,0.0,-0.009,0.025,0.0,0.0,0.0,1.0,-1.333719253540039,-10.206845092773449,4.855096435546869,0.6008113026618958,-0.07791385799646378,0.0,0.7955848574638367,0.0,0.0,0.01158194431853751,0.007731400194021699,0.0
1774636007.8206768,0,surface,0.0,-0.009,0.025,0.0,0.0,0.0,1.0,-1.7294120788574219,-10.332775878906261,4.752709960937494,0.6003528237342834,-0.07641156762838364,0.0,0.7960764765739441,0.0,0.0,0.01158194431853751,0.007731400194021699,0.0
1774636007.845677,0,surface,0.0,-0.009,0.025,0.0,0.0,0.0,1.0,-1.9938507080078125,-10.304013061523449,4.473153686523432,0.6001681089401245,-0.07578854262828827,0.0,0.79627525806427,0.0,0.0,0.01158194431853751,0.007731400194021699,0.0
1774636007.8707232,0,surface,0.0,-0.009,0.025,0.0,0.0,0.0,1.0,-2.2972850799560547,-10.489559936523449,4.294076538085932,0.5996651649475098,-0.07418397068977356,0.0,0.7968051433563232,0.0,0.0,0.01158194431853751,0.007731400194021699,0.0
1774636007.895702,0,surface,0.0,-0.009,0.025,0.0,0.0,0.0,1.0,-1.6171226501464844,-10.216168212890636,4.488610839843744,0.6010090112686157,-0.07737649977207184,0.0,0.7954879403114319,0.0,0.0,0.01158194431853751,0.007731400194021699,0.0
1774636007.920709,0,surface,0.0,-0.009,0.025,0.0,0.0,0.0,1.0,-1.9649848937988281,-10.560375976562511,4.230340576171869,0.5995432734489441,-0.07574942708015442,0.0,0.7967495322227478,0.0,0.0,0.01158194431853751,0.007731400194021699,0.0
1774636007.9457252,0,surface,0.0,-0.009,0.025,0.0,0.0,0.0,1.0,-0.8018913269042969,-10.429821777343761,4.558984374999994,0.6003830432891846,-0.08034133911132812,0.0,0.7956667542457581,0.0,0.0,0.01158194431853751,0.007731400194021699,0.0
1774636007.9707346,0,surface,0.0,-0.009,0.025,0.0,0.0,0.0,1.0,-1.0346946716308594,-10.808621215820324,4.188134765624994,0.5979495048522949,-0.0798315554857254,0.0,0.7975482940673828,0.0,0.0,0.01158194431853751,0.007731400194021699,0.0
1774636007.9957259,0,surface,0.0,-0.009,0.025,0.0,0.0,0.0,1.0,-1.1973228454589844,-10.634854125976574,4.128564453124994,0.598538339138031,-0.07955164462327957,0.0,0.7971344590187073,0.0,0.0,0.01158194431853751,0.007731400194021699,0.0
1774636008.0206678,0,surface,0.0,-0.009,0.025,0.0,0.0,0.0,1.0,-1.3699283599853516,-11.129818725585949,3.7445617675781193,0.5961448550224304,-0.07901519536972046,0.0,0.7989793419837952,0.0,0.0,0.01158194431853751,0.007731400194021699,0.0
1774636008.0456717,0,surface,0.0,-0.009,0.025,0.0,0.0,0.0,1.0,-1.7004203796386719,-11.245709228515636,3.733010864257807,0.5961289405822754,-0.07777637988328934,0.0,0.7991127371788025,0.0,0.0,0.01158194431853751,0.007731400194021699,0.0
1774636008.070681,0,surface,0.0,-0.009,0.025,0.0,0.0,0.0,1.0,-1.4042034149169922,-11.071133422851574,4.128854370117182,0.5969936847686768,-0.07856792211532593,0.0,0.7983894348144531,0.0,0.0,0.01158194431853751,0.007731400194021699,0.0
1774636008.095687,0,surface,0.0,-0.009,0.025,0.0,0.0,0.0,1.0,-1.5170307159423828,-10.965069580078136,4.320581054687494,0.597632884979248,-0.07791092991828918,0.0,0.797975480556488,0.0,0.0,0.01158194431853751,0.007731400194021699,0.0
1774636008.1206915,0,surface,0.0,-0.009,0.025,0.0,0.0,0.0,1.0,-1.8701896667480469,-11.007214355468761,4.108911132812494,0.5968398451805115,-0.07678390294313431,0.0,0.7986779808998108,0.0,0.0,0.01158194431853751,0.007731400194021699,0.0
1774636008.14568,0,surface,0.0,-0.009,0.025,0.0,0.0,0.0,1.0,-2.5006370544433594,-10.933010864257824,3.870614624023432,0.5967192053794861,-0.07422292232513428,0.0,0.7990100979804993,0.0,0.0,0.01158194431853751,0.007731400194021699,0.0
1774636008.1706874,0,surface,0.0,-0.009,0.025,0.0,0.0,0.0,1.0,-2.491527557373047,-10.887249755859386,3.973245239257807,0.5967536568641663,-0.07410477101802826,0.0,0.798995316028595,0.0,0.0,0.01158194431853751,0.007731400194021699,0.0
1774636008.1956863,0,surface,0.0,-0.009,0.025,0.0,0.0,0.0,1.0,-3.1199989318847656,-11.084439086914074,3.847360229492182,0.5960817337036133,-0.07127290964126587,0.0,0.7997541427612305,0.0,0.0,0.01158194431853751,0.007731400194021699,0.0
1774636008.2206874,0,surface,0.0,-0.009,0.025,0.0,0.0,0.0,1.0,-2.5975074768066406,-10.599118041992199,4.381982421874994,0.5986868143081665,-0.07291360199451447,0.0,0.7976576089859009,0.0,0.0,0.01158194431853751,0.007731400194021699,0.0
1774636008.2457228,0,surface,0.0,-0.009,0.025,0.0,0.0,0.0,1.0,-2.1859779357910156,-10.189266967773449,4.590112304687494,0.6003720164299011,-0.07391399890184402,0.0,0.7962977886199951,0.0,0.0,0.01158194431853751,0.007731400194021699,0.0
1774636008.270745,0,surface,0.0,-0.009,0.025,0.0,0.0,0.0,1.0,-1.7716140747070312,-9.897167968750011,4.984735107421869,0.6016063690185547,-0.07554716616868973,0.0,0.7952122092247009,0.0,0.0,0.01158194431853751,0.007731400194021699,0.0
1774636008.295762,0,surface,0.0,-0.009,0.025,0.0,0.0,0.0,1.0,-1.5997505187988281,-10.070477294921886,4.832452392578119,0.6008982062339783,-0.07636858522891998,0.0,0.7956690788269043,0.0,0.0,0.01158194431853751,0.007731400194021699,0.0
1774636008.3206542,0,surface,0.0,-0.009,0.025,0.0,0.0,0.0,1.0,-1.5384788513183594,-9.893841552734386,4.898263549804682,0.6013324856758118,-0.07677192240953445,0.0,0.7953020334243774,0.0,0.0,0.01158194431853751,0.007731400194021699,0.0
1774636008.3456817,0,surface,0.0,-0.009,0.025,0.0,0.0,0.0,1.0,-0.4882774353027344,-9.833630371093761,5.252359008789057,0.6023221015930176,-0.08052100241184235,0.0,0.7941817045211792,0.0,0.0,0.01158194431853751,0.007731400194021699,0.0
1774636008.3706937,0,surface,0.0,-0.009,0.025,0.0,0.0,0.0,1.0,-0.16819190979003906,-9.681256103515636,5.481149291992182,0.6030662059783936,-0.08167058229446411,0.0,0.793499231338501,0.0,0.0,0.01158194431853751,0.007731400194021699,0.0
1774636008.3956625,0,surface,0.0,-0.009,0.025,0.0,0.0,0.0,1.0,0.1261463165283203,-9.819012451171886,5.683389282226557,0.6029981970787048,-0.08243252336978912,0.0,0.793472170829773,0.0,0.0,0.01158194431853751,0.007731400194021699,0.0
1774636008.420667,0,surface,0.0,-0.009,0.025,0.0,0.0,0.0,1.0,0.47897911071777344,-9.824536132812511,5.626992797851557,0.6029381155967712,-0.08403651416301727,0.0,0.7933495044708252,0.0,0.0,0.01158194431853751,0.007731400194021699,0.0
1774636008.445697,0,surface,0.0,-0.009,0.025,0.0,0.0,0.0,1.0,0.4189491271972656,-9.496624755859386,5.844827270507807,0.6043822765350342,-0.08371667563915253,0.0,0.7922837734222412,0.0,0.0,0.01158194431853751,0.007731400194021699,0.0
1774636008.4706628,0,surface,0.0,-0.009,0.025,0.0,0.0,0.0,1.0,-0.13112831115722656,-9.366101074218761,5.766885375976557,0.6051352620124817,-0.08154772967100143,0.0,0.7919352054595947,0.0,0.0,0.01158194431853751,0.007731400194021699,0.0
1774636008.4956706,0,surface,0.0,-0.009,0.025,0.0,0.0,0.0,1.0,-0.20685386657714844,-9.355480957031261,6.064401245117182,0.6057813167572021,-0.08115148544311523,0.0,0.7914817929267883,0.0,0.0,0.01158194431853751,0.007731400194021699,0.0
1774636008.520722,0,surface,0.0,-0.009,0.025,0.0,0.0,0.0,1.0,-0.24250411987304688,-9.395977783203136,5.974694824218744,0.6057666540145874,-0.08128831535577774,0.0,0.7914789915084839,0.0,0.0,0.01158194431853751,0.007731400194021699,0.0
1774636008.5456967,0,surface,0.0,-0.009,0.025,0.0,0.0,0.0,1.0,-0.3123817443847656,-9.145123291015636,6.186929321289057,0.6068415641784668,-0.08076860755681992,0.0,0.7907083630561829,0.0,0.0,0.01158194431853751,0.007731400194021699,0.0
1774636008.5707061,0,surface,0.0,-0.009,0.025,0.0,0.0,0.0,1.0,-0.27767181396484375,-9.121929931640636,6.015557861328119,0.6070755124092102,-0.08132544904947281,0.0,0.7904717326164246,0.0,0.0,0.01158194431853751,0.007731400194021699,0.0
1774636008.5956817,0,surface,0.0,-0.009,0.025,0.0,0.0,0.0,1.0,-0.8922328948974609,-9.320172119140636,5.813012695312494,0.6057835221290588,-0.07908608764410019,0.0,0.7916892170906067,0.0,0.0,0.01158194431853751,0.007731400194021699,0.0
1774636008.6206481,0,surface,0.0,-0.009,0.025,0.0,0.0,0.0,1.0,-0.9465236663818359,-9.278942871093761,5.886315917968744,0.6063312888145447,-0.07916707545518875,0.0,0.7912616729736328,0.0,0.0,0.01158194431853751,0.007731400194021699,0.0
1774636008.6456444,0,surface,0.0,-0.009,0.025,0.0,0.0,0.0,1.0,-0.9448051452636719,-9.270245361328136,5.899957275390619,0.6063084006309509,-0.0794382244348526,0.0,0.7912519574165344,0.0,0.0,0.01158194431853751,0.007731400194021699,0.0
1774636008.670693,0,surface,0.0,-0.009,0.025,0.0,0.0,0.0,1.0,-1.2630939483642578,-9.272747802734386,5.904077148437494,0.6065415143966675,-0.0782024934887886,0.0,0.7911964058876038,0.0,0.0,0.01158194431853751,0.007731400194021699,0.0
1774636008.6957772,0,surface,0.0,-0.009,0.025,0.0,0.0,0.0,1.0,-0.7072982788085938,-9.781262207031261,5.767770385742182,0.6045766472816467,-0.08030594140291214,0.0,0.7924885153770447,0.0,0.0,0.01158194431853751,0.007731400194021699,0.0
1774636008.720654,0,surface,0.0,-0.009,0.025,0.0,0.0,0.0,1.0,-0.29308509826660156,-9.958660888671886,5.637979125976557,0.6039381623268127,-0.08205261826515198,0.0,0.7927963137626648,0.0,0.0,0.01158194431853751,0.007731400194021699,0.0
1774636008.745736,0,surface,0.0,-0.009,0.025,0.0,0.0,0.0,1.0,-0.03413200378417969,-10.045635986328136,5.620233154296869,0.6034759879112244,-0.08314099907875061,0.0,0.7930349111557007,0.0,0.0,0.01158194431853751,0.007731400194021699,0.0
1774636010.795177,0,push,0.0,-0.013969418673362606,0.02444784236962638,0.0,0.0,0.0,1.0,-1.5647106170654297,-12.324414062500011,6.211602783203119,0.6241601705551147,-0.09152782708406448,0.0,0.7759167551994324,0.0,0.0,0.0132736512163741,0.011147995944486257,0.0
1774636010.820202,0,push,0.0,-0.013969418673362606,0.02444784236962638,0.0,0.0,0.0,1.0,-1.2820377349853516,-12.388073730468761,6.507546997070307,0.6244606971740723,-0.0929725244641304,0.0,0.7755029797554016,0.0,0.0,0.0132736512163741,0.011147995944486257,0.0
1774636010.8451812,0,push,0.0,-0.013969418673362606,0.02444784236962638,0.0,0.0,0.0,1.0,-0.8728504180908203,-12.527554321289074,6.584161376953119,0.6241746544837952,-0.09412100911140442,0.0,0.7755948305130005,0.0,0.0,0.0132736512163741,0.011147995944486257,0.0
1774636010.870207,0,push,0.0,-0.013969418673362606,0.02444784236962638,0.0,0.0,0.0,1.0,-0.6202888488769531,-12.303128051757824,6.719171142578119,0.625011146068573,-0.09536676108837128,0.0,0.7747684717178345,0.0,0.0,0.0132736512163741,0.011147995944486257,0.0
1774636010.8951688,0,push,0.0,-0.013969418673362606,0.02444784236962638,0.0,0.0,0.0,1.0,-0.6585979461669922,-12.276623535156261,6.401971435546869,0.6247187256813049,-0.09614823013544083,0.0,0.7749077677726746,0.0,0.0,0.0132736512163741,0.011147995944486257,0.0
1774636010.920348,0,push,0.0,-0.013969418673362606,0.02444784236962638,0.0,0.0,0.0,1.0,-0.33716583251953125,-11.986386108398449,6.686746215820307,0.6261272430419922,-0.09730581939220428,0.0,0.773625373840332,0.0,0.0,0.0132736512163741,0.011147995944486257,0.0
1774636010.945237,0,push,0.0,-0.013969418673362606,0.02444784236962638,0.0,0.0,0.0,1.0,-0.8539638519287109,-12.021786499023449,6.421914672851557,0.6258623003959656,-0.09585122019052505,0.0,0.7740212082862854,0.0,0.0,0.0132736512163741,0.011147995944486257,0.0
1774636010.9702091,0,push,0.0,-0.013969418673362606,0.02444784236962638,0.0,0.0,0.0,1.0,-0.9194908142089844,-11.799649047851574,6.536538696289057,0.6267774701118469,-0.0958673432469368,0.0,0.7732783555984497,0.0,0.0,0.0132736512163741,0.011147995944486257,0.0
1774636010.9952145,0,push,0.0,-0.013969418673362606,0.02444784236962638,0.0,0.0,0.0,1.0,-0.7799034118652344,-11.855480957031261,6.784844970703119,0.6267390847206116,-0.09648028016090393,0.0,0.7732332944869995,0.0,0.0,0.0132736512163741,0.011147995944486257,0.0
1774636011.0202081,0,push,0.0,-0.013969418673362606,0.02444784236962638,0.0,0.0,0.0,1.0,-0.1360301971435547,-11.699551391601574,7.029855346679682,0.6275282502174377,-0.09885721653699875,0.0,0.7722923755645752,0.0,0.0,0.0132736512163741,0.011147995944486257,0.0
1774636011.0452147,0,push,0.0,-0.013969418673362606,0.02444784236962638,0.0,0.0,0.0,1.0,-0.5829524993896484,-11.592404174804699,6.831109619140619,0.6277230381965637,-0.09754270315170288,0.0,0.7723013162612915,0.0,0.0,0.0132736512163741,0.011147995944486257,0.0
1774636011.0702114,0,push,0.0,-0.013969418673362606,0.02444784236962638,0.0,0.0,0.0,1.0,-0.1304607391357422,-11.192837524414074,6.939645385742182,0.6288982629776001,-0.09939037263393402,0.0,0.7711086273193359,0.0,0.0,0.0132736512163741,0.011147995944486257,0.0
1774636011.0951898,0,push,0.0,-0.013969418673362606,0.02444784236962638,0.0,0.0,0.0,1.0,-0.49853515625,-11.341641235351574,6.670449829101557,0.6284806132316589,-0.09802499413490295,0.0,0.7716237306594849,0.0,0.0,0.0132736512163741,0.011147995944486257,0.0
1774636011.1202087,0,push,0.0,-0.013969418673362606,0.02444784236962638,0.0,0.0,0.0,1.0,-0.5872249603271484,-11.369992065429699,6.527917480468744,0.6282554268836975,-0.09816580265760422,0.0,0.7717891931533813,0.0,0.0,0.0132736512163741,0.011147995944486257,0.0
1774636011.145172,0,push,0.0,-0.013969418673362606,0.02444784236962638,0.0,0.0,0.0,1.0,-1.172780990600586,-11.483273315429699,6.537652587890619,0.62813800573349,-0.0951666310429573,0.0,0.7722603678703308,0.0,0.0,0.0132736512163741,0.011147995944486257,0.0
1774636011.1701405,0,push,0.0,-0.013969418673362606,0.02444784236962638,0.0,0.0,0.0,1.0,-0.840972900390625,-11.220196533203136,6.837625122070307,0.6292166113853455,-0.096173956990242,0.0,0.7712567448616028,0.0,0.0,0.0132736512163741,0.011147995944486257,0.0
1774636011.1951795,0,push,0.0,-0.013969418673362606,0.02444784236962638,0.0,0.0,0.0,1.0,-1.6417827606201172,-11.608258056640636,6.371972656249994,0.6275971531867981,-0.09311419725418091,0.0,0.7729498744010925,0.0,0.0,0.0132736512163741,0.011147995944486257,0.0
1774636011.220314,0,push,0.0,-0.013969418673362606,0.02444784236962638,0.0,0.0,0.0,1.0,-1.4280853271484375,-12.087582397460949,5.977838134765619,0.6257202625274658,-0.09377116709947586,0.0,0.7743908166885376,0.0,0.0,0.0132736512163741,0.011147995944486257,0.0
1774636011.2451534,0,push,0.0,-0.013969418673362606,0.02444784236962638,0.0,0.0,0.0,1.0,-1.8499813079833984,-11.962048339843761,5.693643188476557,0.6260106563568115,-0.09194464981555939,0.0,0.7743751406669617,0.0,0.0,0.0132736512163741,0.011147995944486257,0.0
1774636011.2702317,0,push,0.0,-0.013969418673362606,0.02444784236962638,0.0,0.0,0.0,1.0,-1.6237659454345703,-12.196759033203136,5.717279052734369,0.6251093745231628,-0.09303200244903564,0.0,0.7749730944633484,0.0,0.0,0.0132736512163741,0.011147995944486257,0.0
1774636011.2951517,0,push,0.0,-0.013969418673362606,0.02444784236962638,0.0,0.0,0.0,1.0,-1.1139545440673828,-12.827755737304699,5.856072998046869,0.6228781342506409,-0.09510991722345352,0.0,0.7765159010887146,0.0,0.0,0.0132736512163741,0.011147995944486257,0.0
1774636011.3201547,0,push,0.0,-0.013969418673362606,0.02444784236962638,0.0,0.0,0.0,1.0,-1.4175987243652344,-12.524945068359386,6.044000244140619,0.6243882179260254,-0.09324591606855392,0.0,0.7755285501480103,0.0,0.0,0.0132736512163741,0.011147995944486257,0.0
1774636011.3451645,0,push,0.0,-0.013969418673362606,0.02444784236962638,0.0,0.0,0.0,1.0,-1.4512805938720703,-12.211315917968761,6.345605468749994,0.6257164478302002,-0.09324052929878235,0.0,0.7744579911231995,0.0,0.0,0.0132736512163741,0.011147995944486257,0.0
1774636011.3702111,0,push,0.0,-0.013969418673362606,0.02444784236962638,0.0,0.0,0.0,1.0,-1.5768966674804688,-12.186932373046886,6.157891845703119,0.6252957582473755,-0.09277167916297913,0.0,0.7748539447784424,0.0,0.0,0.0132736512163741,0.011147995944486257,0.0
1774636011.3952012,0,push,0.0,-0.013969418673362606,0.02444784236962638,0.0,0.0,0.0,1.0,-1.1010799407958984,-12.507305908203136,6.472055053710932,0.62431401014328,-0.09528026729822159,0.0,0.7753410339355469,0.0,0.0,0.0132736512163741,0.011147995944486257,0.0
1774636011.4201696,0,push,0.0,-0.013969418673362606,0.02444784236962638,0.0,0.0,0.0,1.0,-0.8661003112792969,-12.736126708984386,6.393853759765619,0.6236165761947632,-0.096266970038414,0.0,0.7757803201675415,0.0,0.0,0.0132736512163741,0.011147995944486257,0.0
1774636011.445164,0,push,0.0,-0.013969418673362606,0.02444784236962638,0.0,0.0,0.0,1.0,-0.07143783569335938,-12.818966674804699,6.993310546874994,0.6237953901290894,-0.09918522834777832,0.0,0.7752686738967896,0.0,0.0,0.0132736512163741,0.011147995944486257,0.0
1774636011.470227,0,push,0.0,-0.013969418673362606,0.02444784236962638,0.0,0.0,0.0,1.0,-0.5639896392822266,-12.438504028320324,6.830789184570307,0.6248502135276794,-0.0974237397313118,0.0,0.7746424078941345,0.0,0.0,0.0132736512163741,0.011147995944486257,0.0
1774636011.4952462,0,push,0.0,-0.013969418673362606,0.02444784236962638,0.0,0.0,0.0,1.0,-0.2615070343017578,-12.966046142578136,6.684106445312494,0.622696578502655,-0.09939610213041306,0.0,0.7761245965957642,0.0,0.0,0.0132736512163741,0.011147995944486257,0.0
1774636011.520259,0,push,0.0,-0.013969418673362606,0.02444784236962638,0.0,0.0,0.0,1.0,-0.9584541320800781,-12.940838623046886,6.246835327148432,0.6220775842666626,-0.09689444303512573,0.0,0.776936948299408,0.0,0.0,0.0132736512163741,0.011147995944486257,0.0
1774636011.546212,0,push,0.0,-0.013969418673362606,0.02444784236962638,0.0,0.0,0.0,1.0,-1.3216972351074219,-12.496945190429699,6.579156494140619,0.6243923306465149,-0.09481486678123474,0.0,0.7753350138664246,0.0,0.0,0.0132736512163741,0.011147995944486257,0.0
1774636011.570199,0,push,0.0,-0.013969418673362606,0.02444784236962638,0.0,0.0,0.0,1.0,-1.5510711669921875,-12.908795166015636,6.279168701171869,0.6226702332496643,-0.094240203499794,0.0,0.7767886519432068,0.0,0.0,0.0132736512163741,0.011147995944486257,0.0
1774636011.5961707,0,push,0.0,-0.013969418673362606,0.02444784236962638,0.0,0.0,0.0,1.0,-1.0016841888427734,-13.128659057617199,6.379205322265619,0.6216593384742737,-0.09650414437055588,0.0,0.777320146560669,0.0,0.0,0.0132736512163741,0.011147995944486257,0.0
1774636011.6201448,0,push,0.0,-0.013969418673362606,0.02444784236962638,0.0,0.0,0.0,1.0,-1.1599445343017578,-13.456661987304699,6.298623657226557,0.6208672523498535,-0.09586332738399506,0.0,0.778032124042511,0.0,0.0,0.0132736512163741,0.011147995944486257,0.0
1774636011.6451657,0,push,0.0,-0.013969418673362606,0.02444784236962638,0.0,0.0,0.0,1.0,-1.2689132690429688,-13.262493896484386,6.114724731445307,0.6211681962013245,-0.09538484364748001,0.0,0.7778507471084595,0.0,0.0,0.0132736512163741,0.011147995944486257,0.0
1774636011.6701539,0,push,0.0,-0.013969418673362606,0.02444784236962638,0.0,0.0,0.0,1.0,-1.5617504119873047,-13.355541992187511,5.832788085937494,0.6203914284706116,-0.09416328370571136,0.0,0.7786192297935486,0.0,0.0,0.0132736512163741,0.011147995944486257,0.0
1774636011.6951606,0,push,0.0,-0.013969418673362606,0.02444784236962638,0.0,0.0,0.0,1.0,-1.31939697265625,-12.975231933593761,5.756600952148432,0.621516227722168,-0.0955478772521019,0.0,0.7775527238845825,0.0,0.0,0.0132736512163741,0.011147995944486257,0.0
1774636011.7202525,0,push,0.0,-0.013969418673362606,0.02444784236962638,0.0,0.0,0.0,1.0,-1.4594745635986328,-13.080593872070324,5.924966430664057,0.621318519115448,-0.09515229612588882,0.0,0.7777591347694397,0.0,0.0,0.0132736512163741,0.011147995944486257,0.0
1774636011.7461154,0,push,0.0,-0.013969418673362606,0.02444784236962638,0.0,0.0,0.0,1.0,-1.3634109497070312,-12.415386962890636,6.164407348632807,0.6242052316665649,-0.09425470232963562,0.0,0.7755539417266846,0.0,0.0,0.0132736512163741,0.011147995944486257,0.0
1774636011.7701447,0,push,0.0,-0.013969418673362606,0.02444784236962638,0.0,0.0,0.0,1.0,-0.5194301605224609,-12.162747192382824,6.743554687499994,0.6260648369789124,-0.09695447236299515,0.0,0.7737200260162354,0.0,0.0,0.0132736512163741,0.011147995944486257,0.0
1774636011.795239,0,push,0.0,-0.013969418673362606,0.02444784236962638,0.0,0.0,0.0,1.0,-0.06767845153808594,-12.136975097656261,6.479409790039057,0.6254776120185852,-0.09908700734376907,0.0,0.7739247679710388,0.0,0.0,0.0132736512163741,0.011147995944486257,0.0
1774636011.8202586,0,push,0.0,-0.013969418673362606,0.02444784236962638,0.0,0.0,0.0,1.0,-0.177764892578125,-11.743359375000011,6.451287841796869,0.6267440915107727,-0.09877878427505493,0.0,0.7729389071464539,0.0,0.0,0.0132736512163741,0.011147995944486257,0.0
1774636011.8452418,0,push,0.0,-0.013969418673362606,0.02444784236962638,0.0,0.0,0.0,1.0,-0.14548492431640625,-11.736340332031261,6.215264892578119,0.6262184977531433,-0.09956584125757217,0.0,0.7732638716697693,0.0,0.0,0.0132736512163741,0.011147995944486257,0.0
1774636011.8701594,0,push,0.0,-0.013969418673362606,0.02444784236962638,0.0,0.0,0.0,1.0,-0.263336181640625,-12.029156494140636,6.011056518554682,0.6249187588691711,-0.09923622757196426,0.0,0.7743569612503052,0.0,0.0,0.0132736512163741,0.011147995944486257,0.0
1774636011.8961797,0,push,0.0,-0.013969418673362606,0.02444784236962638,0.0,0.0,0.0,1.0,-0.6029605865478516,-11.848828125000011,6.009286499023432,0.6257772445678711,-0.0976547822356224,0.0,0.7738645672798157,0.0,0.0,0.0132736512163741,0.011147995944486257,0.0
1774636011.9201941,0,push,0.0,-0.013969418673362606,0.02444784236962638,0.0,0.0,0.0,1.0,-1.049325942993164,-12.096218872070324,5.743066406249994,0.6244074106216431,-0.09644658863544464,0.0,0.7751216292381287,0.0,0.0,0.0132736512163741,0.011147995944486257,0.0
1774636011.945184,0,push,0.0,-0.013969418673362606,0.02444784236962638,0.0,0.0,0.0,1.0,-1.4945430755615234,-11.846585083007824,5.692361450195307,0.6251499056816101,-0.09430396556854248,0.0,0.7747867107391357,0.0,0.0,0.0132736512163741,0.011147995944486257,0.0
1774636011.970188,0,push,0.0,-0.013969418673362606,0.02444784236962638,0.0,0.0,0.0,1.0,-1.550802230834961,-11.918133544921886,5.620111083984369,0.6248967051506042,-0.09379962831735611,0.0,0.7750520706176758,0.0,0.0,0.0132736512163741,0.011147995944486257,0.0
1774636011.9951925,0,push,0.0,-0.013969418673362606,0.02444784236962638,0.0,0.0,0.0,1.0,-2.211690902709961,-12.202435302734386,5.317117309570307,0.6235690116882324,-0.0921272411942482,0.0,0.7763209939002991,0.0,0.0,0.0132736512163741,0.011147995944486257,0.0
1774636012.02016,0,push,0.0,-0.013969418673362606,0.02444784236962638,0.0,0.0,0.0,1.0,-2.5275001525878906,-12.815441894531261,5.098291015624994,0.6213588714599609,-0.09112756699323654,0.0,0.7782087922096252,0.0,0.0,0.0132736512163741,0.011147995944486257,0.0
1774636012.0461779,0,push,0.0,-0.013969418673362606,0.02444784236962638,0.0,0.0,0.0,1.0,-3.0428905487060547,-12.717709350585949,5.120248413085932,0.6216539144515991,-0.0894668698310852,0.0,0.7781658172607422,0.0,0.0,0.0132736512163741,0.011147995944486257,0.0
1774636012.0702043,0,push,0.0,-0.013969418673362606,0.02444784236962638,0.0,0.0,0.0,1.0,-2.5136070251464844,-13.070523071289074,5.347070312499994,0.620575487613678,-0.09192650765180588,0.0,0.7787397503852844,0.0,0.0,0.0132736512163741,0.011147995944486257,0.0
1774636012.0952048,0,push,0.0,-0.013969418673362606,0.02444784236962638,0.0,0.0,0.0,1.0,-3.2673110961914062,-12.825802612304699,5.292352294921869,0.6215707659721375,-0.08831445127725601,0.0,0.7783638834953308,0.0,0.0,0.0132736512163741,0.011147995944486257,0.0
1774636012.1202152,0,push,0.0,-0.013969418673362606,0.02444784236962638,0.0,0.0,0.0,1.0,-3.219339370727539,-12.237286376953136,5.544213867187494,0.6233925819396973,-0.08873704820871353,0.0,0.7768573760986328,0.0,0.0,0.0132736512163741,0.011147995944486257,0.0
1774636012.1451633,0,push,0.0,-0.013969418673362606,0.02444784236962638,0.0,0.0,0.0,1.0,-3.0844860076904297,-12.459042358398449,5.332376098632807,0.6223390698432922,-0.08972609788179398,0.0,0.7775880694389343,0.0,0.0,0.0132736512163741,0.011147995944486257,0.0
1774636012.171153,0,push,0.0,-0.013969418673362606,0.02444784236962638,0.0,0.0,0.0,1.0,-2.8327903747558594,-12.219738769531261,5.713159179687494,0.6235836148262024,-0.09068900346755981,0.0,0.7764785289764404,0.0,0.0,0.0132736512163741,0.011147995944486257,0.0
1774636012.195125,0,push,0.0,-0.013969418673362606,0.02444784236962638,0.0,0.0,0.0,1.0,-2.852243423461914,-12.640621948242199,5.375588989257807,0.6219078302383423,-0.09049805998802185,0.0,0.777843713760376,0.0,0.0,0.0132736512163741,0.011147995944486257,0.0
1774636012.2201371,0,push,0.0,-0.013969418673362606,0.02444784236962638,0.0,0.0,0.0,1.0,-2.450765609741211,-12.764538574218761,5.359811401367182,0.6214316487312317,-0.09247308224439621,0.0,0.7779919505119324,0.0,0.0,0.0132736512163741,0.011147995944486257,0.0
1774636012.2451444,0,push,0.0,-0.013969418673362606,0.02444784236962638,0.0,0.0,0.0,1.0,-2.5190601348876953,-12.622189331054699,5.325357055664057,0.6215595602989197,-0.0920615941286087,0.0,0.7779385447502136,0.0,0.0,0.0132736512163741,0.011147995944486257,0.0
1774636012.2701485,0,push,0.0,-0.013969418673362606,0.02444784236962638,0.0,0.0,0.0,1.0,-2.395212173461914,-12.275662231445324,5.520883178710932,0.622314453125,-0.09307753294706345,0.0,0.7772138118743896,0.0,0.0,0.0132736512163741,0.011147995944486257,0.0
1774636012.295164,0,push,0.0,-0.013969418673362606,0.02444784236962638,0.0,0.0,0.0,1.0,-2.2488574981689453,-12.438015747070324,5.643121337890619,0.6222019195556641,-0.09342607855796814,0.0,0.7772620916366577,0.0,0.0,0.0132736512163741,0.011147995944486257,0.0
1774636012.320202,0,push,0.0,-0.013969418673362606,0.02444784236962638,0.0,0.0,0.0,1.0,-2.1321182250976562,-12.342282104492199,5.753732299804682,0.6228727102279663,-0.09300129860639572,0.0,0.7767756581306458,0.0,0.0,0.0132736512163741,0.011147995944486257,0.0
1774636012.345165,0,push,0.0,-0.013969418673362606,0.02444784236962638,0.0,0.0,0.0,1.0,-2.1393184661865234,-12.361996459960949,5.700601196289057,0.6226794719696045,-0.09315669536590576,0.0,0.7769119143486023,0.0,0.0,0.0132736512163741,0.011147995944486257,0.0
1774636012.3701234,0,push,0.0,-0.013969418673362606,0.02444784236962638,0.0,0.0,0.0,1.0,-1.6900501251220703,-12.558117675781261,5.717996215820307,0.6220508217811584,-0.0947975367307663,0.0,0.7772169709205627,0.0,0.0,0.0132736512163741,0.011147995944486257,0.0
1774636012.3951569,0,push,0.0,-0.013969418673362606,0.02444784236962638,0.0,0.0,0.0,1.0,-1.522003173828125,-12.209790039062511,6.079461669921869,0.6235588788986206,-0.0949181392788887,0.0,0.7759928107261658,0.0,0.0,0.0132736512163741,0.011147995944486257,0.0
1774636012.4201684,0,push,0.0,-0.013969418673362606,0.02444784236962638,0.0,0.0,0.0,1.0,-1.3973102569580078,-12.029064941406261,6.024911499023432,0.6241378784179688,-0.09531071782112122,0.0,0.7754790782928467,0.0,0.0,0.0132736512163741,0.011147995944486257,0.0
1774636012.4461813,0,push,0.0,-0.013969418673362606,0.02444784236962638,0.0,0.0,0.0,1.0,-1.58282470703125,-11.959881591796886,6.002770996093744,0.6243793368339539,-0.09480230510234833,0.0,0.7753469944000244,0.0,0.0,0.0132736512163741,0.011147995944486257,0.0
1774636012.4701557,0,push,0.0,-0.013969418673362606,0.02444784236962638,0.0,0.0,0.0,1.0,-1.4770317077636719,-11.590206909179699,6.390573120117182,0.6262815594673157,-0.09460113942623138,0.0,0.7738358974456787,0.0,0.0,0.0132736512163741,0.011147995944486257,0.0
1774636012.4951584,0,push,0.0,-0.013969418673362606,0.02444784236962638,0.0,0.0,0.0,1.0,-1.0197067260742188,-11.968533325195324,6.626870727539057,0.6255581378936768,-0.09645423293113708,0.0,0.7741922736167908,0.0,0.0,0.0132736512163741,0.011147995944486257,0.0
1774636012.520179,0,push,0.0,-0.013969418673362606,0.02444784236962638,0.0,0.0,0.0,1.0,-1.1917781829833984,-11.944683837890636,6.489938354492182,0.6257611513137817,-0.09552730619907379,0.0,0.7741430997848511,0.0,0.0,0.0132736512163741,0.011147995944486257,0.0
1774636012.545135,0,push,0.0,-0.013969418673362606,0.02444784236962638,0.0,0.0,0.0,1.0,-1.4422950744628906,-11.866482543945324,6.576562499999994,0.6265549659729004,-0.09395315498113632,0.0,0.7736935019493103,0.0,0.0,0.0132736512163741,0.011147995944486257,0.0
1774636012.5701318,0,push,0.0,-0.013969418673362606,0.02444784236962638,0.0,0.0,0.0,1.0,-1.5019550323486328,-11.831723022460949,6.627862548828119,0.6266089081764221,-0.09372899681329727,0.0,0.7736769914627075,0.0,0.0,0.0132736512163741,0.011147995944486257,0.0
1774636012.596168,0,push,0.0,-0.013969418673362606,0.02444784236962638,0.0,0.0,0.0,1.0,-1.1378173828125,-11.900769042968761,6.831414794921869,0.6269348859786987,-0.09474921226501465,0.0,0.7732885479927063,0.0,0.0,0.0132736512163741,0.011147995944486257,0.0
1774636012.621216,0,push,0.0,-0.013969418673362606,0.02444784236962638,0.0,0.0,0.0,1.0,-1.1473045349121094,-11.703396606445324,6.907723999023432,0.6276748776435852,-0.09464552998542786,0.0,0.7727007865905762,0.0,0.0,0.0132736512163741,0.011147995944486257,0.0
1774636012.6461146,0,push,0.0,-0.013969418673362606,0.02444784236962638,0.0,0.0,0.0,1.0,-0.8733539581298828,-11.788540649414074,6.980477905273432,0.6276460289955139,-0.0955590307712555,0.0,0.7726117968559265,0.0,0.0,0.0132736512163741,0.011147995944486257,0.0
1774636012.671143,0,push,0.0,-0.013969418673362606,0.02444784236962638,0.0,0.0,0.0,1.0,-1.2982940673828125,-12.043515014648449,6.957025146484369,0.6266690492630005,-0.09383895993232727,0.0,0.7736149430274963,0.0,0.0,0.0132736512163741,0.011147995944486257,0.0
1774636012.696096,0,push,0.0,-0.013969418673362606,0.02444784236962638,0.0,0.0,0.0,1.0,-1.1251068115234375,-11.801846313476574,7.294747924804682,0.6277061700820923,-0.09425477683544159,0.0,0.7727231383323669,0.0,0.0,0.0132736512163741,0.011147995944486257,0.0
1774636012.721061,0,push,0.0,-0.013969418673362606,0.02444784236962638,0.0,0.0,0.0,1.0,-1.6952152252197266,-11.976620483398449,6.754754638671869,0.6261887550354004,-0.09259697049856186,0.0,0.7741533517837524,0.0,0.0,0.0132736512163741,0.011147995944486257,0.0
1774636012.7461483,0,push,0.0,-0.013969418673362606,0.02444784236962638,0.0,0.0,0.0,1.0,-1.5179443359375,-11.643994140625011,6.806024169921869,0.6272449493408203,-0.09330031275749207,0.0,0.773213267326355,0.0,0.0,0.0132736512163741,0.011147995944486257,0.0
1774636012.7711422,0,push,0.0,-0.013969418673362606,0.02444784236962638,0.0,0.0,0.0,1.0,-1.9517269134521484,-11.732876586914074,6.464212036132807,0.6266670823097229,-0.09177237004041672,0.0,0.7738644480705261,0.0,0.0,0.0132736512163741,0.011147995944486257,0.0
